-- --------------------------------------------------------
-- Хост:                         127.0.0.1
-- Версия сервера:               5.5.62-log - MySQL Community Server (GPL)
-- Операционная система:         Win64
-- HeidiSQL Версия:              11.2.0.6213
-- --------------------------------------------------------

/*!40101 SET @OLD_CHARACTER_SET_CLIENT=@@CHARACTER_SET_CLIENT */;
/*!40101 SET NAMES utf8 */;
/*!50503 SET NAMES utf8mb4 */;
/*!40014 SET @OLD_FOREIGN_KEY_CHECKS=@@FOREIGN_KEY_CHECKS, FOREIGN_KEY_CHECKS=0 */;
/*!40101 SET @OLD_SQL_MODE=@@SQL_MODE, SQL_MODE='NO_AUTO_VALUE_ON_ZERO' */;
/*!40111 SET @OLD_SQL_NOTES=@@SQL_NOTES, SQL_NOTES=0 */;

-- Дамп структуры для таблица diplom_2_oop.articles
DROP TABLE IF EXISTS `articles`;
CREATE TABLE IF NOT EXISTS `articles` (
  `id` int(20) NOT NULL AUTO_INCREMENT,
  `title` varchar(250) DEFAULT NULL COMMENT 'Название статьи',
  `subtitle` varchar(250) DEFAULT NULL COMMENT 'Дополнение к названию',
  `description` varchar(1000) DEFAULT NULL COMMENT 'Краткое описание',
  `content` text COMMENT 'Полное содержание',
  `people` varchar(50) DEFAULT NULL COMMENT 'Количество человек',
  `duration` varchar(50) DEFAULT NULL COMMENT 'Длительность',
  `author` varchar(150) DEFAULT NULL COMMENT 'Автор',
  `link` varchar(350) DEFAULT '#' COMMENT 'Ссылка на страницу автора в соц.сети',
  `thumbnail` varchar(250) DEFAULT NULL COMMENT 'Эскиз картинки',
  `image` varchar(250) DEFAULT NULL COMMENT 'Картинка',
  `date` timestamp NOT NULL DEFAULT CURRENT_TIMESTAMP COMMENT 'Дата публикации',
  `user_id` int(50) NOT NULL DEFAULT '1' COMMENT 'id пользователя, добавившего статью',
  PRIMARY KEY (`id`)
) ENGINE=InnoDB AUTO_INCREMENT=131 DEFAULT CHARSET=utf8 COMMENT='Статьи: название, картинка, дата публикации, краткое описание, полное содержание статьи';

-- Дамп данных таблицы diplom_2_oop.articles: ~25 rows (приблизительно)
DELETE FROM `articles`;
/*!40000 ALTER TABLE `articles` DISABLE KEYS */;
INSERT INTO `articles` (`id`, `title`, `subtitle`, `description`, `content`, `people`, `duration`, `author`, `link`, `thumbnail`, `image`, `date`, `user_id`) VALUES
	(1, 'Разложение на атомы', '', 'Разбиение крупной структуры на составные части позволит понять суть происходящего и сгенерировать новые идеи.', 'Упражнение состоит в последовательном разложении одного элемента на всё более мелкие составные части. Это позволяет понять устройство крупных, но сложных структур. Разумеется, существует бесчисленное количество вариантов, но для нашего случая лучше всего подходят следующие структуры:— производимый продукт;\r\n— технологическая платформа;\r\n— инициативы в масштабах предприятия;\r\n— цепочка управления поставками;\r\n— корпоративная культура и другие «неосязаемые» аспекты.\r\n\r\nРазбив большую систему на составные части, группа получает преимущество в решении проблем и при мозговом штурме. Являясь более дискретными и осязаемыми, компоненты проще обрабатываются и легче поддаются осмыслению. И полученная в результате карта служит хорошим объяснением Всей системы.\r\nМетодика:\r\n\r\n1. Напишите название системы на стикере и приклейте его в верхней части большой белой доски. Объясните, что данное упражнение позволяет осмыслить структуру системы путем ее разбиения на «атомы».\r\n\r\n2. Воспользуйтесь мозговым штурмом для разбиения системы на компоненты. На этом шаге создается перечень, каждый элемент которого записывается на отдельный стикер. Затем все стикеры приклеиваются под основной темой. Обычно на этом этапе получается список размером от трех до пяти пунктов.\r\n\r\n3. Повторите процедуру для каждого найденного элемента. Таким способом вы получите расширяющуюся последовательность.\r\n\r\nИспользовать полученную карту можно и как источник информации для следующих упражнений, и как наглядную иллюстрацию структуры системы.\r\n\r\nСтратегия:\r\nВ какой-то момент, обычно на четвертом или пятом уровне, возникает поворотная точка. Вместо дальнейшего расщепления начинается слияние. Именно это и является признаком атомарного уровня и именно тут находятся все самые интересные результаты. При исследовании корпоративной культуры на этом уровне проявляются скрытые отношения и уникальный для рассматриваемого коллектива образ действий. Исследуя же предлагаемые услуги или продукты, мы обнаруживаем основные особенности и различия.', 'от 2 человек', '>1 часа', 'Ром Куковякин', 'https://www.facebook.com/kukovyak', 'atomi-small.png', 'atomi-big.png', '2019-05-05 18:21:35', 1),
	(2, 'Ретроспектива', '', 'Встреча с командой проекта по завершению этапа с целью обсуждения этого самого этапа и его результатов.', 'Ритуал ретроспективы – это больше чем анализ прошедшего. Он позволяет также взглянуть вперед, представить следующий проект, и особенно тщательно проработать, что в следующий раз будет делаться по-другому.\r\nНорм Керт (Norm Kerth)\r\n\r\nРетроспектива проекта - это ритуал в конце каждого проекта, который профессионалы по праву считают самым важным шагом в создании саморазвивающийся организации и улучшении качества реализуемых проектов (не важно, внешних или внутренних). Регулярное проведение ретроспективы помогает: всем участникам понять необходимость постоянных улучшений, мотивировать на достижение следующих целей, регулярно и незаметно отчуждать ценные знания у незаменимых специалистов, постоянно развивать каждого члена команды и команду в целом, управлять улучшениями и изменениями, управлять знаниями и наполнять базу знаний, повышать мастерство каждого. Помимо этого улучшается продуктивность и умение видеть возможности, качество и потенциал, команда становится сильнее и получает больше удовольствия от совместной работы. Ретроспектива создает условия для того, что наши зарубежные коллеги называют “управляемая самостоятельность”. Развивается культура обучения друг у друга.\r\n\r\nОстановиться и проанализировать перед стартом нового проекта не бывает лишним. Особенно, если предыдущий проект не был реализован идеально и есть потенциал улучшения. Не важно, как Вы назовёте эту встречу: подведение итогов, постпроектное совещание, ретроспектива проекта или иначе. В американской армии, например, этот процесс называется after action review. Главное - чтобы это стало частью Вашего цикла регулярного менеджмента после каждого проекта.\r\n\r\nМатериалы:\r\n• Клейкая стена (или рулон миллиметровки)\r\n• Простая белая бумага\r\n• Разноцветные стикеры\r\n• Маркеры на каждого участника\r\n• Метки для голосования (можно заменить маленькими стикерами-закладками)\r\n\r\nИнструкция:\r\nЗадачи ведущего просты и сложны одновременно: инициировать и мониторить, контролировать безопасность и создавать условия, при которых у участников есть возможность быть честными. Каждый проект уникален, поэтому дать пошаговый универсальный алгоритм проведения ретроспективы нельзя. В этой статье постараюсь привести общие вехи, которые должна содержать каждая итоговая встреча после проекта.\r\n\r\n1. Проектирование ретроспективы проекта\r\nОпределите цель проведения ретроспективы проекта. Полезная для управления идеологией цель помогает ответить на вопрос: какую ценность мы должны получить, чтобы оправдать инвестицию времени?\r\n\r\nНапример, это могут быть:\r\n• найти пути улучшения реализации проектов;\r\n• определить, что было сделано хорошо;\r\n• понять причины проколов;\r\n• улучшить взаимоотношения в команде.\r\n\r\nПродолжительность ретроспективы зависит от продолжительности деятельности, итоги которой вы подводите: час для недельного проекта; четыре часа для подведения итогов месячного проекта. Чем больше участников, тем больше вам потребуется времени. Исходя из целей и времени, проработайте сценарий самой ретроспективы.\r\n\r\n2. Возможный сценарий ретроспективы проекта\r\n\r\nШаг 1. В самом начале важно заинтересовать участников в предстоящем мероприятии и погрузиться в контекст. Расскажите о цели и задачах встречи. О тайминге и планируемых результатах.\r\n\r\nШаг 2. Раздайте каждому участнику стикеры (если Вы используете обычную бумагу) или половинки А4 (если используете клейкие стены) и черные маркеры. Попросите записать, какие события общественной и политической жизни оказали влияние на проект, итоги которого Вы подводите. Что влияло на проект? Дайте на эту работу минут 5-7.\r\n\r\nШаг 3. В группах по 4-5 человек попросите обсудить и записать на стикерах или картах другого цвета (можно вырезать человечков) ключевых людей, которые оказали влияние на проект. На больших - присутствующих в аудитории, на маленьких - отсутствующих. Это может быть просто имя, или имя и должность. 5-7 минут\r\n\r\nШаг 4. Возьмите клейкую стену или рулон миллиметровки или белой бумаги и нарисуйте внизу линию времени.\r\n\r\nОбсудите все вместе основные вехи проекта, переломные моменты и ключевые события. Нанесите их на линию времени.\r\n\r\nШаг 5. Далее, пройдите все вместе по каждому этапу проекта зафиксировав на линии времени события, людей, знания, полученные в ходе проекта. На отдельных спикерах другого цвета или формы фиксируйте уроки проекта. Дайте каждому участнику по 7 меток (или маленьких стикеров оранжевого цвета) и попросите отметить те события, которые им приятно вспоминать. Затем дайте каждому синие метки для голосования, и попросите отметить то, что их расстраивало в ходе проекта. Красными метками попросите отметить события, которые были безумием. Обсудите получившиеся результаты.\r\n\r\nШаг 6. Пришло время систематизировать то, чему команда научилась в ходе проекта. Для этой работы есть много методов. Приведу один из самых удобных и результативных, на мой взгляд:\r\n\r\nПодготовьте 2 листа флипчарта. Назовите их: “Что сработало хорошо?”, “Что надо в следующий раз делать иначе?”. Предложите каждому участнику написать минимум 5 идей для каждого из этих листов на стикерах. Подведите итоги. Обсудите знания, полученные в ходе проекта. Договоритесь о следующих шагах.\r\n\r\nО чём важно помнить?\r\n• Важно проводить анализ после каждого проекта;\r\n• Истории, которыми обмениваются участники, становятся ресурсом долговременного постоянного обучения и корпоративных традиций;\r\n• Это самый рабочий способ создания корпоративной базы знаний;\r\n• Единственный способ создать рабочую команду с общим фокусом;\r\n• Помогает вовлекать и мотивировать, управляя идеологией за счет того, что всем нам важно рассказать о своем вкладе и пояснить, как он помог достичь общего результата;\r\n• Фокусирует не только на продукте проекта, но и на процессе командного взаимодействия.\r\n\r\nЧто почитать?\r\n• Норм Керт. Ретроспектива проекта. Как проектным командам оглядываться назад, чтобы двигаться вперед\r\n• Agile retrospectives: making good team great. Esther Derby, Diama Larsen\r\n• Advanced Facilitation Strategies. Ingrid Benz', 'от 5 человек', '>2 часов', 'Татьяна Куковякина', 'https://www.facebook.com/trener.tk', 'retrospectiva-small.png', 'retrospectiva-big.png', '2019-05-07 19:15:28', 1),
	(3, 'О.Р.И.П. ', 'Метод сфокусированной беседы', 'Это мощный способ сделать так, чтобы любая группа людей подробно исследовала любую тему и пришла к ценному результату.', 'Для решения серьезных проблем и задач команду необходимо вывести на сфокусированное, вовлеченное и продуктивное обсуждение. Добиться этого можно с помощью воронки вопросов, построенных по ORID- или ОРИП-модели.', 'от 2 человек', '>5 минут', 'Ром Куковякин', 'https://www.facebook.com/kukovyak', 'orid-small.png', 'orid-big.png', '2019-05-08 09:11:38', 1),
	(4, 'Обратное планирование', '', 'Обратное планирование идет от цели к текущему состоянию. Исходя из того, где вы хотите оказаться, определяется то, что нужно сделать для достижения цели.', 'Концептуально можно выделить 2 направления планирования – прямое и обратное. Смысл тут именно в направлении. Прямое планирование, это определение последовательных шагов действий в направлении цели. Т.е. мы начинаем планировать исходя из того, где мы находимся сейчас и что нужно сделать дальше.\r\n\r\nОбратное планирование, как подсказывает капитан очевидность, идет в обратном направлении – от цели к текущему состоянию. Этот подход работает намного лучше и вот почему. Исходя из того, где вы хотите оказаться, определяется то и только то, что нужно сделать для достижения цели. Последовательно планируя действия от цели, шанс запутаться, или упустить что-то важное из виду, становится намного меньше.\r\n\r\nОбратное планирование позволяет эффективно концентрироваться на выполнении действий, ориентированных на достижение цели. При обратном планировании уменьшается неопределенность.\r\n\r\nМатериалы:\r\n• Разноцветные стикеры\r\n• Маркеры\r\n\r\nИнструкция:\r\n\r\nШаг 1. Актуализируйте тему.\r\nАктуализировать, значит наполнить смыслом эту работу. Это можно сделать с помощью доклада первого лица, дискуссии.\r\n\r\nШаг 2. Конкретизируйте цель.\r\nФормулируем подробно желаемый образ результата, ставим срок. Используем для этого технологию SMART (S (Specific). Конкретно. M (Measurable). Измеримо. A (Achievable). Достижимо. R (Relevant). Согласовано. T (Time). Время).или OKR (Objectives and Key Results - метод целей и ключевых результатов).\r\n\r\nШаг 3. Составьте список событий в обратном порядке\r\nСобытие – это результат выполнения задачи. Т.е. фактически, вы еще планируете и задачи для достижения цели. Обратный порядок означает то, что события необходимо расписывать в том порядке, как они происходят от конца, т.е. цели, к началу, т.е. тому, где вы находитесь сейчас.\r\n\r\nШаг 4. Составьте список задач\r\nВот теперь можно составить список задач, который необходимо выполнить для того, чтобы события стали реальностью, а цель стала достигнута. Для этого, проще всего, задать вопрос «Что нужно сделать, чтобы … (название события) произошло?». Таким образом, последовательно, шаг за шагом, вы составите список конкретных дел, которые приведут к цели.\r\n\r\nШаг 5. Проверьте ключевые факторы успеха.\r\nСмысл в том, чтобы понять – какие факторы важны для выполнения каждой задачи. Как правило, к таким факторам относится наличие тех или иных ресурсов: время, информация, материалы, деньги и т.д. Кроме того, выполнение некоторых задач из списка, само по себе обеспечивает факторы успеха и критично для дальнейших действий. Например, вы не можете внести данные в форму, до тех пор, пока эти самые данные не получите. Так что «наличие данных» является ключевым фактором успеха.', '5-15 человек', '1-2 часа', 'Татьяна Куковякина', 'https://www.facebook.com/trener.tk', 'anotherplaning-small.png', 'anotherplaning-big.png', '2019-06-08 08:01:39', 1),
	(5, 'Поиск сокровищ', '', 'Позволяет создать поле идей, предложений по решению проблемы, используя экспертизу других участников. Подходит для больших групп.', '1. По теме встрече сформулировать задачи/вопросы, которые нужно исследовать и собрать идеи.\r\n\r\n2. Объединить участников в группы от 4 человек. Количество групп может быть равно количеству вопросов, либо может быть несколько групп, работающих над одним вопросом.\r\n\r\n3. Распределить вопросы между группами. Группы могут конкретизировать свой вопрос, разбить его на составляющие.\r\n\r\n4. Каждая группа выбирает двух участников – экспертов по теме, которые остаются за столом и будут отвечать на вопросы тех, кто к ним придет. Они отвечают на все вопросы, даже если не знают ответ.\r\n\r\n5. Остальные участники ищут «сокровища». Они распределяются или ходят вместе и опрашивают экспертов других групп, собирают идеи – ответы на свои вопросы.\r\n\r\n6. Собрав идеи – «сокровища», искатели возвращаются в свои группы, определяют ключевые идеи, фиксируют их на карточках или флип-чарте.\r\n\r\n7. Презентация результатов на общих круг.', 'от 12 человек', '20-50 минут', 'Наталия Зайцева', 'https://www.facebook.com/profile.php?id=100001740033341', 'searchbounti-small.png', 'searchbounti-big.png', '2020-02-06 14:13:43', 1),
	(6, 'Попробуй радугу!', '', 'Способ разогреть и познакомить участников в игровой форме, создать непринужденную атмосферу.', 'Материалы:\r\nНебольшая коробка с разноцветными конфетами Skittles или M&M`s из расчета 5 шт. на каждого участника.\r\n\r\n1. Приглашаем всех участников не глядя взять по 4 конфеты Skittles или M&M`s из коробки. Просим временно сдерживать свой аппетит и не есть конфеты.\r\n\r\n2. Рассказываем легенду, которая визуализирована на доске:\r\n• Желтая конфета — ваша мечта.\r\n• Зеленая — ваше хобби, увлечение.\r\n• Красная — место на планете, где бы вы хотели побывать.\r\n• Фиолетовая — теплое воспоминание о чем-то.\r\n• Оранжевая — волшебная, по вашему желанию становится любым из других цветов.\r\n\r\n3. Участники кратко рассказывают всей группе (или внутри малых групп) о себе, в соответствии с цветами конфет, которые им достались.\r\n\r\n4. По итогами можно спросить участников о самых интересных историях, которые они услышали.\r\n\r\n5. Заканчиваем игру тем, что разрешаем всем съесть взятые конфеты', 'от 5 человек', '15-20 минут', 'Наталия Зайцева', 'https://www.facebook.com/profile.php?id=100001740033341', 'rainbow-small.png', 'rainbow-big.png', '2020-03-06 11:20:21', 1),
	(7, 'Карусель', '', 'Инструмент для генерации идей одновременно по нескольким темам/вопросам. Позволяет быстро сформировать списки идей при участии каждого.', '1. Участники объединяются в группы по 2-5 человек, по количеству обсуждаемых вопросов. Флипчарты с вопросами разложены на столах или висят на досках/ стенах на достаточном расстоянии друг от друга.\r\n\r\n2. Каждая группа начинает работать с одного из вопросов, пишет ответы на него. (7-10 мин)\r\n\r\n3. Затем группы переходят по или против часовой стрелке на следующий этап, знакомятся с идеями коллег и дополняют своими идеями. Группы переходят столько раз, сколько есть вопросов. (3-5 мин на каждый этап)\r\n\r\n4. Каждая группа возвращается к тому этапу, с которого начинала, анализирует все идеи, готовит их для презентации и дальнейшего отбора либо сама отбирает лучшие идеи методом, заданным фасилитатором.', 'от 6 человек и более', 'от 15 минут', 'Наталия Зайцева', 'https://www.facebook.com/profile.php?id=100001740033341', 'karusel-small.png', 'karusel-big.png', '2020-03-26 18:24:20', 1),
	(8, '5W1H', '', 'Рассмотрение проблемы/темы обсуждения с различных точек зрения, глубокий анализ заданной ситуации.', 'Анализ поставленной проблемы, генерация и развитие новых идей осуществляется с помощью заданного списка вопросов\r\n Кто?, Что?, Когда?, Где?, Как?, Почему? \r\nГруппа развернуто отвечает на данные вопросы, относительно темы обсуждения.\r\n\r\nВариант: группа формирует полный перечень более конкретных вопросов по теме, начиная их с указанных слов, \r\nа потом ищет на них ответы.\r\n\r\n1. Объединить участников в 3-6 групп, каждой из которых дать 1-2 вопроса: Кто?, Что?, Когда?, Где?, Как?, Почему?\r\n\r\n2. Каждая группа отвечает на 1-2 вопроса, связанных с темой, из списка: Что? Кто? Где? Когда? Зачем? Как? \r\n    Группа фиксирует ответы на картах, флипчарте\r\n\r\n3. С помощью инструмента «Карусель» проводится обмен результатами и дополнение идеями от других групп.\r\n\r\n4. Презентация основных идей на общий круг', 'от 2 до 30 человек', 'от 10 минут', 'Наталия Зайцева', 'https://www.facebook.com/profile.php?id=100001740033341', '5w1h-small.png', '5w1h-big.png', '2020-04-02 09:47:49', 1),
	(9, 'Мерседес', '', 'Помогает структурировать работу участников, задаёт формат и последовательность обсуждения идеи. Анализ идей с точки зрения реализации в бизнесе.', '1. Создайте визуальный шаблон – лист флипчарта поделите на 3 части, как показано на изображении. В центре напишите задачу, которую необходимо решить группе.\r\n\r\n2. Давайте участникам следовать шаг за шагом: сначала набросайте идеи.\r\n\r\n3. Затем, какие барьеры могут встретиться при реализации данных идей.\r\n\r\n4. В завершении, после анализа барьеров, нужно разработать рекомендации, которые позволят минимизировать барьеры или полностью их исключить для успешной реализации поставленной задачи.\r\n\r\n5. Пусть участники презентуют итоги работы.\r\n\r\nПредложения:\r\nЭту работу можно совместить с технологией «Мировое кафе» («Word Café»). Когда каждая группа работает над конкретной задачей для достижения цели. Затем, переходя от стола к столу, знакомятся с уже помещённой информацией за другим столом и дополняют её своими идеями, барьерами и рекомендациями.', 'от 3 человек и более', '30-40 минут', 'Татьяна Куковякина', 'https://www.facebook.com/trener.tk', 'mersedes-small.png', 'mersedes-big.png', '2020-04-04 21:23:32', 1),
	(10, 'Наша команда', '', 'Формирование внутренней корпоративной культуры в команде на основе открытости, взаимопонимания и общих договорённостей.', '1. Создайте шаблон по образцу.\r\n\r\n2. В нижней части шаблона стоит написать на каждом из образов человечек имя члена команды и девиз.\r\n\r\n3. Каждый индивидуально фиксирует на стикерах продолжение фраз «Я знаю (не знаю), что…» (ЗНАНИЯ), «Я чувствую …» (ЧУВСТВА), «Поэтому я …» (ПОВЕДЕНИЕ), «Я предлагаю…» (РЕКОМЕНДАЦИИ)\r\n\r\n4. Каждый участник команды наклеивает свои стикеры с ответами на шаблон и комментирует их, отвечает на вопросы членов команды.\r\n\r\n5. Обсудить, проанализировать итоги. Согласовать и написать итоговые рекомендации для дальнейшей слаженной работы в команде.\r\n\r\nПредложения:\r\nЭту работу стоит проводить периодически. Она позволяет услышать друг друга, понять, выявить недовольство внутри команды, вскрыть причины, договориться и работать слаженно и эффективно.', 'от 7 человек и более', '40-120 минут', 'Татьяна Куковякина', 'https://www.facebook.com/trener.tk', 'command-small.png', 'command-big.png', '2020-05-14 10:10:23', 1),
	(11, 'Что находится под водой', '', 'Методика для более глубокого анализа и понимания предмета, вопроса или ситуации, вскрытия неявных причин.', '1. Создайте правила и условия для откровенного конструктивного диалога в группе.\r\n\r\n2. Введите участников в контекст обсуждаемой темы. Например, низкая посещаемость салона». Предложите участникам сначала индивидуально ответить на вопрос «Явные причины низкой посещаемости?»\r\n\r\n3. Пусть участники обсудят свои ответы в малых группах. И общие результаты выпишут на стикерах или модерационных картах.\r\n\r\n4. Участники презентуют свои результаты от групп на шаблоне, располагая карты в верхней части шаблона, «на поверхности».\r\n\r\n5. Обсудите первые промежуточные итоги.\r\n\r\n6. Повторите процесс с пункта №2 по №3, задавая вопрос участникам «О чем мы можем догадаться, что является скрытыми причинами?»\r\n\r\n7. Участники презентуют свои результаты от групп на шаблоне, располагая карты в нижней части шаблона, «под водой».\r\n\r\n8. Обсудите итоги, перейдите к поиску решений.\r\n\r\nПредложения:\r\nЕсли в процессе первого этапа обсуждения явных причин у групп появляются идеи о неявных, скрытых причинах, их тоже нужно презентовать в первой части обсуждения. И, затем, дополнить идеями, которые появились после обсуждения промежуточных итогов.', 'от 3 человек и более', '30-60 минут', 'Татьяна Куковякина', 'https://www.facebook.com/trener.tk', 'underwater-small.png', 'underwater-big.png', '2020-05-28 11:35:03', 1),
	(12, 'Стена опыта', '', 'Применять в ситуации, когда нужно, чтобы каждый участник проекта рассказал о своих впечатлениях, опыте, рекомендациях.', '1. Участники строят свое высказывание, продолжая следующие фразы:\r\n«Мы заметили …»,\r\n«Мы почувствовали …»,\r\n«Мы поняли …»,\r\n«Мы предлагаем …».\r\n\r\n2. Каждый участник фиксирует ответы на стикере. Одно высказывание – один стикер.\r\n\r\n3. Каждый участник «публикует» свои ответы на стене опыта, которая заранее оформлена заголовками – вопросами.\r\n\r\n4. Желающие могут высказаться по итогам работы.\r\n\r\nЕсли участников больше 20, то можно сначала обсудить индивидуальные ответы в малых группах, а затем написать на картах ответы не более 10 карт от каждой группы. Итоги от групп презентовать на «стене опыта».', 'от 5 до 20 человек', '30-60 минут', 'Татьяна Куковякина', 'https://www.facebook.com/trener.tk', 'wallex-small.png', 'wallex-big.png', '2020-06-22 20:20:01', 1),
	(13, 'Анализ поля сил Курта Левина', '', 'Мощный инструмент, используемый для понимания, что нужно для изменений как в корпоративной, так и в личной сферах.', 'Анализ силового поля – техника управления, разработанная Куртом Левиным для диагностики ситуации. К. Левин полагал, что в каждой ситуации одновременно действуют движущие и сдерживающие силы, которые влияют на любое изменение. Движущие силы стремятся начать изменения, поддерживают их. Сдерживающие силы – силы, стремящиеся ограничить воздействие движущих сил.\r\n\r\n1. Определите изменение, которое Вы хотите увидеть. Запишите цель или видение будущего желаемого состояния. Или Вы можете предпочесть понимание текущего статуса кво.\r\n\r\n2. Зафиксируйте на стикерах движущие силы, благоприятствующие изменению — пользуйтесь мозговым штурмом. Поместите их на диаграмме силового поля.\r\n\r\n3. Зафиксируйте сдерживающие силы, противостоящие изменению. Их также поместите на диаграмме силового поля.\r\n\r\n4. Оцените движущие и сдерживающие силы. Это можно сделать, присвоив им балльную оценку — от 1 (слабо) до 5 (очень сильно), и подведя итоги по каждой стороне. Или же можно отбросить цифры, и сконцентрироваться целостно на влиянии каждого фактора.\r\n\r\n5. Оцените силы. Решите, какие силы обладают некой гибкостью к изменениям или на какие можно повлиять.\r\n\r\n6. Разработайте стратегию. Создайте стратегию по усилению движущих сил или ослаблению сдерживающих, или в обоих направлениях. Если Вы оценили каждую силу по балльной шкале, подумайте, как Вы можете увеличить очки движущих сил или снизить итоги сдерживающих сил?\r\n\r\n7. Установите очередность действий. Какие действия можно предпринять, которые дадут наибольший результат? Определите ресурсы, которые Вам потребуются, и решите, как будете осуществлять задуманные действия.\r\n\r\nСовет: Иногда проще ослабить сдерживающие силы, чем усилить движущие.', 'от 3 человек и более', '30-120 минут', 'Татьяна Куковякина', 'https://www.facebook.com/trener.tk', 'kurtalevina-small.png', 'kurtalevina-big.png', '2020-07-10 05:00:22', 1),
	(14, 'Визуальное знакомство', '', 'Быстрый способ разогреть и познакомить участников, запустить креативность.', 'Метод позволяет быстро «включить» участников, разогреть правое полушарие мозга, интересно познакомиться, создать атмосферу на сессии.\r\n\r\nФасилитатор предварительно формулирует вопрос, ответ на который нужно визуально изобразить участникам, в зависимости от темы встречи, например: портрет себя (в чем я эксперт/ мое хобби/ что дает мне энергию и т.п.), портрет идеального лидера, как выглядит кто-то/ что-то.\r\n\r\nМатериалы:\r\nКарточки формата А5 на каждого участника\r\nМаркеры на каждого участника\r\n\r\nИнструкция:\r\n\r\n1. Дать задание - индивидуально изобразить ответ на вопрос на карточке (5 мин)\r\n\r\n2. Создать «броуновское движение». Задание: подойти к кому-нибудь, представиться и попытаться угадать замысел «художника» напротив. Если угадали – отлично. Не получилось – автор рассказывает, что нарисовал. Ищем новую пару. Задача – обменяться с максимальным количеством участников (10 мин)\r\n\r\n3. Попросить участников поделиться своими ощущениями, например:чей рисунок наиболее полно отразил задачу, кто интереснее всех преподнес видение, кто поднял настроение, как вы себя чувствуете после упражнения и т.п.(5 мин)\r\n\r\n4. Наклеить карточки на стену. Если мероприятие открытое, можно предложить желающим прикрепить к своим картинкам визитки для обмена контактами.', 'от 5 человек и более', '15-20 минут', 'Наталия Зайцева', 'https://www.facebook.com/profile.php?id=100001740033341', 'vizualmeet-small.png', 'vizualmeet-big.png', '2020-07-10 10:26:39', 1),
	(15, 'Динамическая фасилитация', '', 'Является высокопродуктивным методом группового обсуждения и позволяет достигать результата по "нерешаемым" задачам.', 'В данном методе (в отличие от других) нет деления на подгруппы. Для того, чтобы принять участие в обсуждении, не требуется, чтобы сотрудники придерживались каких-то правил и изучали новые способы коммуникации. Есть только одно условие - говорить по очереди.\r\n\r\nПодготовка.\r\nОрганизуйте пространство. 4 флипчарта или постера с заголовками:\r\n\r\n1. «Проблемы / Вопросы»\r\nВ разделе «Проблемы / вопросы» нужно фиксировать все утверждения, сформулированные как вопросы о том, как решить данную проблему.\r\n\r\n2. «Решения / Идеи»\r\nВ разделе «Решения / Идеи» нужно фиксировать все возможные решения, независимо от того, к какой постановке проблемы они относятся.\r\n\r\n3. «Проблемы / Возражения»\r\nВ разделе «Проблемы / возражения» нужно фиксировать все проблемы, связанные с данными решениями и идеями.\r\n\r\n4. «Информация / Восприятие».\r\nВ разделе «Информация / Восприятие» нужно фиксировать все другие утверждения, факты или данные, которые участники высказывают независимо от того, верны они или нет.\r\n\r\nФасилитатор протоколирует все, делая заметки на постерах.Ингода фасилитатор может одновременно управлять дискуссией и фиксировать основные смыслы обсуждения на разные листы флипчартов. Если группа большая, то можно заранее договориться с 4-мя участниками, которые будут фиксировать результаты обсуждения на листы флипчарта. Так называемые «чартрайтеры».Каждый из них слушает участников обсуждения и фиксирует на листе флипчарта только то, что относится к его теме. Например, тот, кто отвечает за факты, фиксирует только факты, которые прозвучали во время дискуссии. При этом скажите «чартрайтерам», что они наравне со всеми могут принимать участие в дискуссии, высказываться.\r\n\r\nВведение в процесс.\r\nПроцесс может начинаться сразу же с вопроса фасилитатора: «О чем бы вы хотели поговорить сегодня?» либо с краткого введения в процесс. В начале сессии фасилитатору важно найти человека с мощной энергией, который может задать сильный старт (не обязательно автора вопроса). И зафиксировать его идеи на отдельный лист «Введение» (Послание).\r\n\r\nПроцесс дискуссии.\r\nВ процессе задача фасилитатора развить энергию группы, помогая аудитории самоорганизоваться. Озвучить правила: говорить по одному, поднимать руку. Отслеживать последовательность желающих высказаться.\r\n\r\nЗадача фасилитатора - не просто фиксировать слова аудитории, а «отражать» их. Слова передают всего 10-30% смысла, остальное - это невербальная коммуникация. И она очень важна для понимания истинного высказывания человека. Задача фасилитатора: выслушать человека, понять смысл его слов, прочувствовать его состояние, и только потом сформулировать и зафиксировать резюме на бумаге. Причем, не уточняя у аудитории, правильно ли он понял человека, и не спрашивая на какой лист поместить фразу. Человек сам попросит скорректировать, если нужно. Это добавляет методу динамики.\r\n\r\nФасилитатор не должен бояться конфликтов между участниками, наоборот, поощрять их. Вместе с тем, фасилитатору важно не допускать диалога между участниками: вставать между ними, переключать разговор на себя («говори со мной») и фиксируя все на листах. Это позволит аудитории лучше осознать текущую ситуацию и пространство, а это может натолкнуть группу на интересные идеи и способствовать прорыву.\r\n\r\nПереходная и промежуточная стадии.\r\nФасилитатор помогает оставаться в творческом процессе расхождения-схождения-расхождения идей.\r\n\r\nРешающая стадия.\r\nФасилитатору важно отловить момент, когда энергия у группы заканчивается. Тогда завершить сессию, помогая группе сделать заключение. Озвучить результаты. И, если нужно, договориться о следующей сессии. Лучшее завершение - когда команда знает, что делать.', 'от 6 до 30 человек', '30-120 минут', 'Татьяна Куковякина', 'https://www.facebook.com/trener.tk', 'dinamic-small.png', 'dinamic-big.png', '2020-07-15 18:59:19', 1),
	(16, 'PEST-анализ', '', 'Данный маркетинговый инструмент помогает проанализировать бизнес-среду по макроэкономическим факторам.', 'PEST-анализ (иногда обозначают как STEP) — это маркетинговый инструмент, предназначенный для выявления политических (Political), экономических (Economic), социальных (Social) и технологических (Technological) аспектов внешней среды, которые влияют на бизнес компании.\r\n\r\nПолитика изучается потому, что она регулирует власть, которая в свою очередь определяет среду компании и получение ключевых ресурсов для её деятельности. Основная причина изучения экономики — это создание картины распределения ресурсов на уровне государства, которая является важнейшим условием деятельности предприятия. Не менее важные потребительские предпочтения определяются с помощью социального компонента PEST-анализа. Последним фактором является технологический компонент. Целью его исследования принято считать выявление тенденций в технологическом развитии, которые зачастую являются причинами изменений и потерь рынка, а также появления новых продуктов.\r\n\r\nАнализ выполняется по схеме «фактор — предприятие». Результаты анализа оформляются в виде матрицы, подлежащим которой являются факторы макросреды, сказуемым — сила их влияния, оцениваемая в баллах, рангах и других единицах измерения. Результаты PEST-анализа позволяют оценить внешнюю экономическую ситуацию, складывающуюся в сфере производства и коммерческой деятельности.\r\n\r\nМатериалы:\r\n• Маркеры\r\n• Стикеры\r\n\r\nИнструкция:\r\n\r\n1. Определите бизнес-ситуацию для обсуждения.\r\n\r\n2. Расчертите пространство для работы как на схеме: 4 колонки – это различные типы факторов: социальные, технологические, экономические и политические. Запишите все факторы, влияющие на ситуацию, на стикерах и распределите по выбранным категориям.\r\n\r\n3. Каждая строка под факторами – это их оценка с точки зрения возможностей, угроз, предпринятых действий и действий, которые необходимо предпринять. Заполните данные поля таблицы фактами и идеями.\r\n\r\n4. Сделайте выводы.\r\n\r\nСправка:\r\nPEST – анализ был впервые предложен Фрэнсисом Агиларом в 1967 году.\r\n\r\nПредложения:\r\n\r\n1. После того, как все факторы выбраны, необходимо оценить силу влияния каждого фактора. Сила влияния фактора оценивается по шкале от 1 до 3, где:\r\n1 – влияние фактора мало, любое изменение фактора практически не влияет на деятельность компании\r\n2 — только значимое изменение фактора влияют на продажи и прибыль компании\r\n3 — влияние фактора высоко, любые колебания вызывают значимые изменения в продажах и прибыли компании\r\n\r\nЗатем, на шаблон помещаются факторы с самым сильным влиянием на деятельность компании.\r\n\r\n2. Используйте разные цвета стикеров. Например, угрозы пишите на стикерах красного цвета, а возможности – на стикерах зелёного цвета. Цвет также развивает ассоциативный ряд при проведении данной групповой работы.', 'от 3 человек и более', '30-120 минут', 'Татьяна Куковякина', 'https://www.facebook.com/trener.tk', 'pest-small.png', 'pest-big.png', '2020-07-17 19:03:40', 1),
	(17, 'SWOT-анализ', '', 'Анализ внутренних и внешних факторов компании, оценка рисков и конкурентоспособности товара в отрасли.', 'SWOT-анализ — метод стратегического планирования, заключающийся в выявлении факторов внутренней и внешней среды организации и разделении их на четыре категории: Strengths (Сильные стороны), Weaknesses (Слабые стороны), Opportunities (Возможности), Threats (Угрозы).\r\n\r\n1. Выберите предмет для анализа.\r\n\r\n2. Разделите пространство для работы на 4 поля и озаглавьте их: «Сильные стороны», «Слабые стороны», «Возможности» и «Угрозы».\r\n\r\n3. Запишите внутренние факторы, а именно сильные и слабые стороны, на отдельных стикерах и разместите их в соответствующих полях.\r\n\r\n4. Запишите также внешние факторы и расположите их на полях «Возможности» и «Угрозы».\r\n\r\n5. Визуализированный список положительных и отрицательных факторов поможет оценить обсуждаемую ситуацию и сделать выводы.', 'от 3 человек и более', '30-120 минут', 'Татьяна Куковякина', 'https://www.facebook.com/trener.tk', 'swot-small.png', 'swot-big.png', '2020-08-04 11:07:46', 1),
	(18, 'Диаграмма Исикавы', '', 'С помощью диаграммы можно легко и просто систематизировать все возможные проблемы, выделить самые значимые из них и определить коренные причины.', 'Диаграмма Исикавы ("рыбий скелет") широко применяется при анализе несоответствий систем менеджмента и не только. Она помогает выявить основные взаимосвязи между различными факторами и более точно понять исследуемый процесс. С помощью диаграммы можно легко и просто систематизировать все возможные проблемы, выделить самые значимые из них и определить коренные причины (первопричины). Поэтому ее также называют "Причинно-следственная диаграмма" и "Диаграмма анализа корневых причин".\r\n\r\nЭтапы:\r\n\r\n1. Сформировать группу людей, обладающих требуемыми знаниями в области, подлежащей изучению.\r\n\r\n2. Четко описать проблему, причины возникновения которой предстоит найти. Все участники анализа должны прийти к единому мнению относительно формулировки проблемы.\r\n\r\n3. Обозначить рассматриваемую проблему и основные стрелки «хребта». Изучаемая проблема записывается с правой стороны в середине чистого листа бумаги или другого большого поля и заключается в рамку или фиксируется на модерационной карте. Слева к рамке подводится основная горизонтальная стрелка - "рыбий хребет".\r\n\r\n4. Определить и обозначить источники возможных причин возникновения рассматриваемой проблемы (главных причин или причин 1-го уровня – «большие кости»). Источники возможных причин возникновения рассматриваемой проблемы (проблемы 1-го уровня) фиксируются на стикерах и соединяются наклонными стрелками с «хребтом». Для физических процессов такими источниками могут быть: люди; машины и оборудование; материалы; методы; измерение; окружающая среда (культура, организационная структура, физическое окружение и т.д.). Для процесса обслуживания традиционными источниками являются: люди; процессы; внешние условия; рабочая среда.\r\n\r\n5. Выявить и написать на стикерах причины 2-го уровня («средние кости»). Вторичные причины записать и расположить в виде «средних костей», примыкающих к «большим».\r\n\r\n6. Выявить и написать на стикерах причины 3-го уровня («мелкие кости»). Причины 3-го уровня, расположить в виде "мелких костей", примыкающих к "средним", и т. д.\r\n\r\n7. Проанализировать все факторы, даже те, которые кажутся незначительными. После оценки и ранжирования причин (факторов) по их значимости в диаграмме выделяются особо важные, которые предположительно оказывают наибольшее влияние на исследуемую проблему. Во время анализа нужно «Освободиться» от факторов, на которые мы не можем влиять. И игнорировать малозначимые и непринципиальные факторы.\r\n\r\n8. В итоге, после выявления, анализа и объяснения причин нужно перейти к планированию корректирующих действий.', 'от 5 до 30 человек', '30-120 минут', 'Татьяна Куковякина', 'https://www.facebook.com/trener.tk', 'isikava-small.png', 'isikava-big.png', '2021-08-11 22:11:51', 1),
	(99, 'Mail-40', '', 'Mail-40Mail-40', 'Mail-40Mail-40Mail-40Mail-40Mail-40Mail-40Mail-40Mail-40', '4', '5', 'Mail-40Mail-40Mail-40', '', 'small-dog.png', 'dog.png', '2022-06-14 13:00:49', 1),
	(100, 'Mail-41bbb', '', 'Mail-41ffffffffff', 'Mail-41Mail-41Mail-41Mail-41', '3', '4', 'Mail-41aaaaaaaaaa', '', 'small-fox.jpg', 'fox.jpg', '2022-06-15 12:46:32', 1),
	(102, 'Mail-42', '', 'Mail-42ccccccccccccc', 'Mail-42Mail-42Mail-42Mail-42Mail-42Mail-42Mail-42Mail-42Mail-42Mail-42Mail-42Mail-42Mail-42', '6', '7', 'Mail-42ggggggggggggggggg', '', 'cs-big.png', 'cs-big.png', '2022-06-15 12:52:54', 1),
	(110, 'tesst3', 'tesst3tesst3', 'vtesst3', '', '6', '7', 'geee', '', 'small-belka.png', 'belka.png', '2022-06-18 17:32:55', 1),
	(112, 'test4', '', 'fgg', 'vbnm', '2', '4', 'fgg', '', 'small-parrot.jpg', 'parrot.jpg', '2022-06-18 17:37:47', 1),
	(116, 'test6', 'vb', 'test6test6', 'cv', '66', '3', 'de', '', 'small-bee.jpg', 'bee.jpg', '2022-06-18 17:56:47', 1),
	(118, 'ql', '', 'ggg', 'g', '7', '6', 'gmk', '', 'small-leopard.jpg', 'leopard.jpg', '2022-06-18 18:18:41', 1),
	(121, 'ыцукен', 'ук', 'кенг', 'укенг', 'ке', 'ке', 'кен', 'ен', 'cs-big.png', 'cs-big.png', '2022-07-13 13:24:41', 1),
	(122, 'mail1', 'q', '333', 'adsgzdgz', '3', '4', 'ddd', 'ccc', 'cs-big.png', 'cs-big.png', '2022-07-13 13:53:06', 1),
	(123, 'mail2', 'erxcvbnm', 'rtyh', 'dfg', '8', '8', 'fffffghj', '', 'small-leopard.jpg', 'leopard.jpg', '2022-07-13 13:58:20', 1),
	(124, 'mail3', 'sub3', 'fghj', 'dfghыы', '6', '7', 'fghjk', '', 'cs-big.png', 'cs-big.png', '2022-07-13 14:01:09', 1),
	(125, 'mail4', '', 'descr4', 'rtjrtjhth', '8', '2', 'wefg', '', 'small-dog.png', 'dog.png', '2022-07-13 14:06:13', 1),
	(126, 'mail4', '', 'descr4', 'rtjrtjhthvncn', '8', '2', 'wefg', '', 'cs-big.png', 'cs-big.png', '2022-07-13 14:06:19', 1),
	(127, 'mail4', 'vbnm', 'descr4', 'rtjrtjhthvncn', '8', '2d', 'wefg', 'zsxdcfvgbn', 'cs-big.png', 'cs-big.png', '2022-07-13 14:07:19', 1),
	(128, 'mail5', '7', 'rrr5', '        vvvvvvv', '8', '8', 'fff', '', 'cs-big.png', 'cs-big.png', '2022-07-13 14:16:54', 1),
	(129, 'mail6', 's', 'fg6', 't', '5', '7', 'tggg', '', 'cs-big.png', 'cs-big.png', '2022-07-13 14:26:45', 1),
	(130, 'mail7', 'xcv', '6hh', 'bb', '6', '6', 'bbb', '', 'cs-big.png', 'cs-big.png', '2022-07-13 14:29:07', 1);
/*!40000 ALTER TABLE `articles` ENABLE KEYS */;

-- Дамп структуры для таблица diplom_2_oop.article_methods
DROP TABLE IF EXISTS `article_methods`;
CREATE TABLE IF NOT EXISTS `article_methods` (
  `id_article` int(11) DEFAULT NULL,
  `id_method` int(11) DEFAULT NULL,
  `description` varchar(250) DEFAULT NULL,
  UNIQUE KEY `id_article_id_method` (`id_article`,`id_method`),
  KEY `FK2_id_method` (`id_method`),
  CONSTRAINT `FK1_id_article` FOREIGN KEY (`id_article`) REFERENCES `articles` (`id`) ON DELETE CASCADE ON UPDATE CASCADE,
  CONSTRAINT `FK2_id_method` FOREIGN KEY (`id_method`) REFERENCES `methods` (`id`) ON DELETE CASCADE ON UPDATE CASCADE
) ENGINE=InnoDB DEFAULT CHARSET=utf8 COMMENT='Таблица соответствия между статьями и типами методов, к которым они принадлежат.';

-- Дамп данных таблицы diplom_2_oop.article_methods: ~69 rows (приблизительно)
DELETE FROM `article_methods`;
/*!40000 ALTER TABLE `article_methods` DISABLE KEYS */;
INSERT INTO `article_methods` (`id_article`, `id_method`, `description`) VALUES
	(1, 4, NULL),
	(2, 4, NULL),
	(2, 5, NULL),
	(2, 6, NULL),
	(2, 7, NULL),
	(3, 2, NULL),
	(4, 3, NULL),
	(4, 4, NULL),
	(4, 5, NULL),
	(4, 6, NULL),
	(4, 7, NULL),
	(5, 4, NULL),
	(5, 5, NULL),
	(6, 2, NULL),
	(7, 5, NULL),
	(8, 4, NULL),
	(8, 5, NULL),
	(9, 4, NULL),
	(9, 5, NULL),
	(9, 6, NULL),
	(10, 4, NULL),
	(10, 5, NULL),
	(10, 8, NULL),
	(11, 4, NULL),
	(11, 5, NULL),
	(11, 6, NULL),
	(12, 5, NULL),
	(12, 8, NULL),
	(13, 4, NULL),
	(13, 8, NULL),
	(14, 2, NULL),
	(15, 4, NULL),
	(16, 3, NULL),
	(16, 4, NULL),
	(16, 5, NULL),
	(16, 7, NULL),
	(17, 4, NULL),
	(17, 5, NULL),
	(17, 6, NULL),
	(17, 7, NULL),
	(18, 4, NULL),
	(18, 5, NULL),
	(18, 7, NULL),
	(100, 2, NULL),
	(100, 3, NULL),
	(102, 2, NULL),
	(102, 4, NULL),
	(110, 6, NULL),
	(110, 8, NULL),
	(112, 3, NULL),
	(112, 5, NULL),
	(116, 4, NULL),
	(116, 5, NULL),
	(118, 3, NULL),
	(118, 4, NULL),
	(118, 5, NULL),
	(121, 4, NULL),
	(121, 6, NULL),
	(121, 7, NULL),
	(122, 2, NULL),
	(122, 6, NULL),
	(123, 2, NULL),
	(123, 6, NULL),
	(124, 2, NULL),
	(124, 7, NULL),
	(125, 2, NULL),
	(125, 3, NULL),
	(125, 4, NULL),
	(126, 2, NULL),
	(126, 3, NULL),
	(126, 4, NULL),
	(127, 2, NULL),
	(127, 3, NULL),
	(127, 4, NULL),
	(128, 5, NULL),
	(129, 2, NULL),
	(129, 3, NULL);
/*!40000 ALTER TABLE `article_methods` ENABLE KEYS */;

-- Дамп структуры для таблица diplom_2_oop.category
DROP TABLE IF EXISTS `category`;
CREATE TABLE IF NOT EXISTS `category` (
  `id` int(11) NOT NULL AUTO_INCREMENT,
  `name` varchar(255) NOT NULL,
  `sort_order` int(11) NOT NULL DEFAULT '0',
  `status` int(11) NOT NULL DEFAULT '1',
  PRIMARY KEY (`id`)
) ENGINE=InnoDB AUTO_INCREMENT=17 DEFAULT CHARSET=utf8;

-- Дамп данных таблицы diplom_2_oop.category: ~4 rows (приблизительно)
DELETE FROM `category`;
/*!40000 ALTER TABLE `category` DISABLE KEYS */;
INSERT INTO `category` (`id`, `name`, `sort_order`, `status`) VALUES
	(13, 'Ноутбуки', 1, 1),
	(14, 'Планшеты', 2, 1),
	(15, 'Мониторы', 3, 1),
	(16, 'Игровые компьютеры', 4, 1);
/*!40000 ALTER TABLE `category` ENABLE KEYS */;

-- Дамп структуры для таблица diplom_2_oop.comments
DROP TABLE IF EXISTS `comments`;
CREATE TABLE IF NOT EXISTS `comments` (
  `id` int(50) NOT NULL AUTO_INCREMENT,
  `text` varchar(5000) DEFAULT NULL COMMENT 'Текст комментария',
  `date` timestamp NOT NULL DEFAULT CURRENT_TIMESTAMP COMMENT 'Время создания комментария',
  `article_id` int(20) DEFAULT NULL COMMENT 'id-статьи',
  `user_id` int(20) DEFAULT NULL COMMENT 'id-пользователя',
  `approve` int(1) NOT NULL DEFAULT '0' COMMENT '0 - модерация не пройдена, 1 - пройдена',
  `deny` int(1) NOT NULL DEFAULT '0' COMMENT '0 - комментарий не отклонен, 1 -  комментарий отклонен',
  PRIMARY KEY (`id`),
  KEY `FK1_article_id` (`article_id`),
  KEY `FK2_user_id` (`user_id`),
  CONSTRAINT `FK1_article_id` FOREIGN KEY (`article_id`) REFERENCES `articles` (`id`) ON DELETE CASCADE ON UPDATE CASCADE,
  CONSTRAINT `FK2_user_id` FOREIGN KEY (`user_id`) REFERENCES `users` (`id`) ON DELETE CASCADE ON UPDATE CASCADE
) ENGINE=InnoDB AUTO_INCREMENT=216 DEFAULT CHARSET=utf8 COMMENT='Комментарии пользователей к статьям';

-- Дамп данных таблицы diplom_2_oop.comments: ~110 rows (приблизительно)
DELETE FROM `comments`;
/*!40000 ALTER TABLE `comments` DISABLE KEYS */;
INSERT INTO `comments` (`id`, `text`, `date`, `article_id`, `user_id`, `approve`, `deny`) VALUES
	(1, 'comment\'s text 1: Стратегия: В какой-то момент, обычно на четвертом или пятом уровне, возникает поворотная точка.', '2022-03-29 19:26:50', 1, 1, 1, 0),
	(2, 'comment\'s text 2', '2022-03-29 19:52:57', 1, 2, 0, 0),
	(3, 'comment\'s text 3: Исследуя же предлагаемые услуги или продукты, мы обнаруживаем основные особенности и различия.', '2022-03-29 19:57:47', 1, 2, 0, 1),
	(4, 'comment\'s text 4: Исследуя же предлагаемые услуги или продукты, мы обнаруживаем основные особенности и различия.', '2022-04-01 19:58:26', 1, 1, 1, 0),
	(5, 'comment\'s text 5: ', '2022-04-01 19:58:28', 1, 1, 0, 1),
	(6, 'comment\'s text 6: ', '2022-04-01 20:03:12', 1, 1, 0, 1),
	(7, 'comment\'s text 7: ', '2022-04-01 20:03:37', 1, 1, 1, 0),
	(8, 'comment\'s text 84: ', '2022-04-01 20:04:38', 1, 1, 1, 0),
	(9, 'Повторите процедуру для каждого найденного элемента. Таким способом вы получите расширяющуюся последовательность. ', '2022-04-01 20:04:52', 1, 1, 1, 0),
	(10, 'comment\'s text10: ', '2022-04-01 20:07:00', 1, 1, 0, 1),
	(12, 'коммент к статье 18', '2022-04-01 20:10:13', 18, 2, 1, 0),
	(96, 'Hello, people!', '2022-04-01 20:46:53', 6, 2, 1, 0),
	(97, 'This is Leon', '2022-04-01 20:47:52', 2, 3, 0, 0),
	(98, 'test moderate 1', '2022-04-03 20:10:53', 1, 2, 1, 0),
	(99, 'test moderate 1', '2022-04-03 20:11:52', 1, 2, 1, 0),
	(100, 'test mod 2', '2022-04-03 20:12:46', 3, 2, 1, 0),
	(101, 'тест модер 3', '2022-04-03 20:14:08', 18, 2, 1, 0),
	(102, 'test moder 4', '2022-04-03 20:51:28', 18, 3, 1, 0),
	(103, 'test 5 moder', '2022-04-03 21:08:26', 18, 14, 1, 0),
	(104, 'Тест коммент 1', '2022-04-07 19:13:27', 17, 2, 1, 0),
	(105, 'Тест коммент 2', '2022-04-07 19:14:09', 17, 3, 0, 1),
	(106, 'Тест коммент 3', '2022-04-07 19:14:48', 17, 14, 1, 0),
	(107, 'Тест коммент 4', '2022-04-07 19:18:16', 17, 14, 0, 1),
	(108, 'Тест коммент 4', '2022-04-07 19:18:20', 17, 14, 0, 0),
	(109, 'Тест коммент 4', '2022-04-07 19:19:25', 17, 14, 0, 0),
	(110, 'Тест коммент 4', '2022-04-07 19:21:12', 17, 14, 0, 0),
	(111, 'Тест коммент 4', '2022-04-07 19:21:45', 17, 14, 0, 0),
	(112, 'Тест коммент 4', '2022-04-07 19:22:36', 17, 14, 0, 0),
	(113, 'Тест коммент 4', '2022-04-07 19:22:50', 17, 14, 1, 0),
	(114, 'Тест коммент 4', '2022-04-07 19:23:04', 17, 14, 1, 0),
	(115, 'Тест коммент к PEST-анализ 1', '2022-04-07 19:25:13', 16, 14, 0, 0),
	(116, 'Тест коммент к PEST-анализ 1', '2022-04-07 19:25:23', 16, 14, 0, 0),
	(117, 'Тест коммент к PEST-анализ 1', '2022-04-07 19:26:24', 16, 14, 0, 0),
	(118, 'Тест коммент к PEST-анализ 1', '2022-04-07 19:26:25', 16, 14, 1, 0),
	(119, 'Тест коммент к PEST-анализ 1', '2022-04-07 19:26:29', 16, 14, 0, 1),
	(120, 'Тест коммент к PEST-анализ 1', '2022-04-07 19:26:44', 16, 14, 0, 0),
	(121, 'Тест коммент к PEST-анализ 1', '2022-04-07 19:26:53', 16, 14, 0, 1),
	(122, 'Попробуй радугу коммент 1 ', '2022-04-07 19:28:53', 6, 14, 1, 0),
	(123, 'Попробуй радугу коммент 1 ', '2022-04-07 19:29:02', 6, 14, 0, 0),
	(124, 'Попробуй радугу коммент 1 ', '2022-04-07 19:29:25', 6, 14, 0, 0),
	(125, 'Попробуй радугу коммент 1 ', '2022-04-07 19:29:33', 6, 14, 0, 1),
	(126, 'Попробуй радугу коммент 1 ', '2022-04-07 19:36:56', 6, 14, 0, 0),
	(127, 'Попробуй радугу коммент 1 ', '2022-04-07 19:37:23', 6, 14, 0, 0),
	(128, 'Диаграмма Исикавы 1', '2022-04-07 19:40:52', 18, 14, 0, 0),
	(129, 'Диаграмма Исикавы 1', '2022-04-07 19:41:34', 18, 14, 0, 0),
	(130, 'Диаграмма Исикавы 1', '2022-04-07 19:42:06', 18, 14, 1, 0),
	(131, 'test comment 2', '2022-04-07 19:43:22', 18, 14, 0, 0),
	(132, 'test comment 3', '2022-04-07 19:44:23', 18, 14, 1, 0),
	(133, 'test comment 3', '2022-04-07 19:44:37', 18, 14, 0, 1),
	(134, 'Попробуй радугу коммент 1 ', '2022-04-07 19:48:18', 6, 14, 0, 1),
	(135, 'Попробуй радугу коммент 1 ', '2022-04-07 19:50:00', 6, 14, 0, 1),
	(136, 'ыкваопмр', '2022-04-20 18:34:02', 6, 1, 1, 0),
	(137, 'ыкваопмр', '2022-04-20 18:34:32', 6, 1, 1, 1),
	(138, 'rrr', '2022-04-20 18:41:35', NULL, NULL, 0, 0),
	(141, 'test1', '2022-06-15 13:57:40', 102, 11, 1, 0),
	(142, 'test12', '2022-06-15 14:01:13', 102, 11, 1, 0),
	(143, 'test12', '2022-06-15 14:02:12', 102, 11, 0, 1),
	(144, 'test12', '2022-06-15 14:03:45', 102, 11, 0, 1),
	(148, 'test13', '2022-06-15 14:32:58', 102, 11, 0, 1),
	(149, 'test14', '2022-06-15 14:41:58', 102, 11, 1, 0),
	(150, 'test15', '2022-06-15 17:34:54', 102, 1, 1, 0),
	(152, 'test2', '2022-06-16 13:21:00', 102, 11, 1, 0),
	(155, 'erdhtfhg', '2022-06-18 17:39:11', 112, 1, 0, 1),
	(156, 'erdhtfhg', '2022-06-18 17:39:17', 112, 1, 1, 0),
	(158, 'тест111', '2022-06-27 16:16:14', 118, 1, 1, 0),
	(159, 'g', '2022-06-27 16:19:44', 118, 1, 1, 0),
	(160, 'jj', '2022-06-28 11:42:39', 118, 1, 1, 0),
	(161, 'fvv', '2022-06-28 12:21:43', 118, 1, 1, 0),
	(162, 'ghh', '2022-06-28 12:26:24', 118, 11, 0, 1),
	(163, 'vhuovhi', '2022-06-28 12:29:49', 116, 11, 1, 0),
	(164, 'cvb', '2022-06-28 12:30:35', 116, 11, 0, 1),
	(165, 'sdfvbn', '2022-06-28 12:43:07', 116, 3, 1, 0),
	(166, 'а', '2022-06-28 13:51:56', 118, 1, 1, 0),
	(167, 'ывапрол', '2022-06-28 13:53:10', 118, 1, 1, 0),
	(168, 'ло', '2022-06-28 13:57:33', 118, 1, 1, 0),
	(169, 'ыв', '2022-06-29 11:12:30', 116, 1, 1, 0),
	(170, 'dfvbnm,', '2022-06-29 11:29:28', 118, 1, 1, 0),
	(171, 'zzzzzzzzzzzz', '2022-06-29 11:31:40', 116, 1, 1, 0),
	(172, 'sdfghm', '2022-06-29 13:14:12', 118, 66, 1, 0),
	(173, 'zxcvbn', '2022-06-29 13:42:34', 118, 67, 1, 0),
	(174, 'прол', '2022-06-29 13:49:30', 116, 66, 1, 0),
	(175, 'ывапролдж', '2022-06-29 13:50:40', 116, 3, 0, 1),
	(176, 'xcvvvvvvvvvvvvv', '2022-06-29 16:10:50', 116, 66, 1, 0),
	(177, 'vdgvsf', '2022-06-29 16:42:52', 116, 66, 0, 1),
	(178, 'сссссссссс', '2022-06-29 18:28:00', 116, 1, 1, 0),
	(179, 'ffffffffff', '2022-06-29 18:32:44', 116, 1, 1, 0),
	(180, 'zdgzgszd', '2022-06-29 18:32:48', 116, 1, 1, 0),
	(181, 'mjgvkj,hv,nb', '2022-06-30 11:06:48', 116, 66, 1, 0),
	(183, 'xcvbn', '2022-06-30 12:19:42', 116, 2, 1, 0),
	(184, 'zxcvbnm,./', '2022-06-30 12:23:27', 116, 2, 1, 0),
	(185, 'cccc               bbbbbbbbbbb', '2022-06-30 12:24:00', 116, 2, 1, 0),
	(191, 'zzzzzzzzzzz', '2022-06-30 13:02:58', 112, 11, 1, 0),
	(192, 'xxxxxxxxxxxxxxxxxxx', '2022-06-30 13:03:03', 112, 11, 0, 1),
	(193, 'sssssssssssssss', '2022-06-30 13:03:08', 112, 11, 1, 0),
	(194, 'jjjjjjjjjjjjjjjjjjjjjj', '2022-06-30 13:03:13', 112, 11, 0, 1),
	(195, 'vvvvvvvvvvvvvv', '2022-06-30 13:09:02', 112, 66, 0, 1),
	(196, 'bbbbbbbbbbbbbbbbbb', '2022-06-30 13:09:06', 112, 66, 0, 1),
	(197, 'nnnnnnnnnnnnnnnnn', '2022-06-30 13:09:09', 112, 66, 0, 1),
	(198, 'mmmmmmmmmmmmmmmmmmmm', '2022-06-30 13:09:13', 112, 66, 1, 0),
	(199, 'vvvvvvvvvvvv', '2022-06-30 13:16:10', 118, 2, 1, 0),
	(200, 'ооооооооооо', '2022-06-30 17:07:06', 112, 2, 1, 0),
	(201, 'яяяяяяяяяяяя', '2022-06-30 17:15:29', 112, 3, 1, 0),
	(202, 'ччччччччччччччччч', '2022-06-30 17:15:34', 112, 3, 0, 1),
	(203, 'ффффффффффффффффф', '2022-06-30 17:15:40', 112, 3, 0, 1),
	(204, 'йййййййййййй', '2022-06-30 17:15:44', 112, 3, 1, 0),
	(212, 'gjkgjkk', '2022-07-01 12:47:05', 112, 66, 0, 1),
	(213, 'vmbncnc', '2022-07-01 12:47:09', 112, 66, 1, 0),
	(214, 'xccccccc', '2022-07-06 10:50:48', 110, 11, 1, 0);
/*!40000 ALTER TABLE `comments` ENABLE KEYS */;

-- Дамп структуры для таблица diplom_2_oop.methods
DROP TABLE IF EXISTS `methods`;
CREATE TABLE IF NOT EXISTS `methods` (
  `id` int(10) NOT NULL AUTO_INCREMENT,
  `name` varchar(250) DEFAULT NULL COMMENT 'Название типа методов',
  `image` varchar(250) DEFAULT NULL COMMENT 'Иконка',
  `uri` varchar(250) DEFAULT NULL COMMENT 'Ссылка на группу методов',
  PRIMARY KEY (`id`)
) ENGINE=InnoDB AUTO_INCREMENT=10 DEFAULT CHARSET=utf8 COMMENT='Типы методов фасилитации.';

-- Дамп данных таблицы diplom_2_oop.methods: ~9 rows (приблизительно)
DELETE FROM `methods`;
/*!40000 ALTER TABLE `methods` DISABLE KEYS */;
INSERT INTO `methods` (`id`, `name`, `image`, `uri`) VALUES
	(1, 'ОСНОВЫ ФАСИЛИТАЦИИ', 'basics.png', 'basics'),
	(2, 'ОТКРЫТИЕ СЕССИИ', 'mbt2.png', 'open-session'),
	(3, 'ВИДЕНИЕ БУДУЩЕГО', 'mbt3.png', 'future-vision'),
	(4, 'АНАЛИЗ СИТУАЦИИ', 'mbt4.png', 'situation-analysis'),
	(5, 'ГЕНЕРАЦИЯ ИДЕЙ', 'mbt5.png', 'ideas-generating'),
	(6, 'ВЫБОР РЕШЕНИЯ', 'mbt6.png', 'choose-solution'),
	(7, 'ПЛАН ДЕЙСТВИЙ', 'mbt7.png', 'action-plan'),
	(8, 'ЗАВЕРШЕНИЕ СЕССИИ', 'mbt8.png', 'session-finishing'),
	(9, 'И ЕЩЁ...', 'mbt9.png', 'and-more');
/*!40000 ALTER TABLE `methods` ENABLE KEYS */;

-- Дамп структуры для таблица diplom_2_oop.posts
DROP TABLE IF EXISTS `posts`;
CREATE TABLE IF NOT EXISTS `posts` (
  `id` int(20) NOT NULL AUTO_INCREMENT,
  `email` varchar(250) NOT NULL,
  `subject` varchar(250) NOT NULL COMMENT 'Заголовок письма',
  `message` varchar(1000) NOT NULL COMMENT 'Содержимое письма',
  `link` varchar(500) NOT NULL COMMENT 'Ссылка на статью',
  `unsubscribe` varchar(500) NOT NULL COMMENT 'Ссылка для отписки от рассылки',
  `date` timestamp NOT NULL DEFAULT CURRENT_TIMESTAMP,
  PRIMARY KEY (`id`)
) ENGINE=InnoDB AUTO_INCREMENT=569 DEFAULT CHARSET=utf8 COMMENT='Высланные оповещения по подписке на рассылку.';

-- Дамп данных таблицы diplom_2_oop.posts: ~344 rows (приблизительно)
DELETE FROM `posts`;
/*!40000 ALTER TABLE `posts` DISABLE KEYS */;
INSERT INTO `posts` (`id`, `email`, `subject`, `message`, `link`, `unsubscribe`, `date`) VALUES
	(68, 'iren1@mail.ru', 'На сайте добавлена новая запись: "Mail-36".', 'Новая статья: Mail-36, Краткое описание статьи: Mail-36Mail-36', '\\diplom-2-oop\\article\\92', '\\diplom-2-oop\\unsubscribe', '0000-00-00 00:00:00'),
	(69, 'yu-12@mail.ru', 'На сайте добавлена новая запись: "Mail-36".', 'Новая статья: Mail-36, Краткое описание статьи: Mail-36Mail-36', '\\diplom-2-oop\\article\\92', '\\diplom-2-oop\\unsubscribe', '0000-00-00 00:00:00'),
	(70, 'nici@xc.ry', 'На сайте добавлена новая запись: "Mail-36".', 'Новая статья: Mail-36, Краткое описание статьи: Mail-36Mail-36', '\\diplom-2-oop\\article\\92', '\\diplom-2-oop\\unsubscribe', '0000-00-00 00:00:00'),
	(71, 'zz1@zz.rr', 'На сайте добавлена новая запись: "Mail-36".', 'Новая статья: Mail-36, Краткое описание статьи: Mail-36Mail-36', '\\diplom-2-oop\\article\\92', '\\diplom-2-oop\\unsubscribe', '0000-00-00 00:00:00'),
	(72, 'zz3@zz.rr', 'На сайте добавлена новая запись: "Mail-36".', 'Новая статья: Mail-36, Краткое описание статьи: Mail-36Mail-36', '\\diplom-2-oop\\article\\92', '\\diplom-2-oop\\unsubscribe', '0000-00-00 00:00:00'),
	(73, 'ww@dd.jj', 'На сайте добавлена новая запись: "Mail-36".', 'Новая статья: Mail-36, Краткое описание статьи: Mail-36Mail-36', '\\diplom-2-oop\\article\\92', '\\diplom-2-oop\\unsubscribe', '0000-00-00 00:00:00'),
	(74, 'ss@dd.nn', 'На сайте добавлена новая запись: "Mail-36".', 'Новая статья: Mail-36, Краткое описание статьи: Mail-36Mail-36', '\\diplom-2-oop\\article\\92', '\\diplom-2-oop\\unsubscribe', '0000-00-00 00:00:00'),
	(75, 'yu@mail.ru', 'На сайте добавлена новая статья: "Mail-37".', 'Новая статья: Mail-37, Краткое описание статьи: Mail-37------Mail-37', '\\diplom-2-oop\\article\\93', '\\diplom-2-oop\\unsubscribe', '2022-05-27 13:53:56'),
	(76, 'nat@mail.ru', 'На сайте добавлена новая статья: "Mail-37".', 'Новая статья: Mail-37, Краткое описание статьи: Mail-37------Mail-37', '\\diplom-2-oop\\article\\93', '\\diplom-2-oop\\unsubscribe', '2022-05-27 13:53:56'),
	(77, 'aaa@ddd.ru', 'На сайте добавлена новая статья: "Mail-37".', 'Новая статья: Mail-37, Краткое описание статьи: Mail-37------Mail-37', '\\diplom-2-oop\\article\\93', '\\diplom-2-oop\\unsubscribe', '2022-05-27 13:53:56'),
	(78, 'iren1@mail.ru', 'На сайте добавлена новая статья: "Mail-37".', 'Новая статья: Mail-37, Краткое описание статьи: Mail-37------Mail-37', '\\diplom-2-oop\\article\\93', '\\diplom-2-oop\\unsubscribe', '2022-05-27 13:53:56'),
	(79, 'yu-12@mail.ru', 'На сайте добавлена новая статья: "Mail-37".', 'Новая статья: Mail-37, Краткое описание статьи: Mail-37------Mail-37', '\\diplom-2-oop\\article\\93', '\\diplom-2-oop\\unsubscribe', '2022-05-27 13:53:56'),
	(80, 'nici@xc.ry', 'На сайте добавлена новая статья: "Mail-37".', 'Новая статья: Mail-37, Краткое описание статьи: Mail-37------Mail-37', '\\diplom-2-oop\\article\\93', '\\diplom-2-oop\\unsubscribe', '2022-05-27 13:53:56'),
	(81, 'zz1@zz.rr', 'На сайте добавлена новая статья: "Mail-37".', 'Новая статья: Mail-37, Краткое описание статьи: Mail-37------Mail-37', '\\diplom-2-oop\\article\\93', '\\diplom-2-oop\\unsubscribe', '2022-05-27 13:53:56'),
	(82, 'zz3@zz.rr', 'На сайте добавлена новая статья: "Mail-37".', 'Новая статья: Mail-37, Краткое описание статьи: Mail-37------Mail-37', '\\diplom-2-oop\\article\\93', '\\diplom-2-oop\\unsubscribe', '2022-05-27 13:53:56'),
	(83, 'ww@dd.jj', 'На сайте добавлена новая статья: "Mail-37".', 'Новая статья: Mail-37, Краткое описание статьи: Mail-37------Mail-37', '\\diplom-2-oop\\article\\93', '\\diplom-2-oop\\unsubscribe', '2022-05-27 13:53:56'),
	(84, 'ss@dd.nn', 'На сайте добавлена новая статья: "Mail-37".', 'Новая статья: Mail-37, Краткое описание статьи: Mail-37------Mail-37', '\\diplom-2-oop\\article\\93', '\\diplom-2-oop\\unsubscribe', '2022-05-27 13:53:56'),
	(85, 'yu@mail.ru', 'На сайте добавлена новая статья: "Mail-38".', 'Новая статья: Mail-38, Краткое описание статьи: Mail-38xxxxxxxxx', '\\diplom-2-oop\\article\\94', '\\diplom-2-oop\\unsubscribe', '2022-05-27 15:58:33'),
	(86, 'nat@mail.ru', 'На сайте добавлена новая статья: "Mail-38".', 'Новая статья: Mail-38, Краткое описание статьи: Mail-38xxxxxxxxx', '\\diplom-2-oop\\article\\94', '\\diplom-2-oop\\unsubscribe', '2022-05-27 15:58:33'),
	(87, 'aaa@ddd.ru', 'На сайте добавлена новая статья: "Mail-38".', 'Новая статья: Mail-38, Краткое описание статьи: Mail-38xxxxxxxxx', '\\diplom-2-oop\\article\\94', '\\diplom-2-oop\\unsubscribe', '2022-05-27 15:58:33'),
	(88, 'iren1@mail.ru', 'На сайте добавлена новая статья: "Mail-38".', 'Новая статья: Mail-38, Краткое описание статьи: Mail-38xxxxxxxxx', '\\diplom-2-oop\\article\\94', '\\diplom-2-oop\\unsubscribe', '2022-05-27 15:58:33'),
	(89, 'yu-12@mail.ru', 'На сайте добавлена новая статья: "Mail-38".', 'Новая статья: Mail-38, Краткое описание статьи: Mail-38xxxxxxxxx', '\\diplom-2-oop\\article\\94', '\\diplom-2-oop\\unsubscribe', '2022-05-27 15:58:33'),
	(90, 'nici@xc.ry', 'На сайте добавлена новая статья: "Mail-38".', 'Новая статья: Mail-38, Краткое описание статьи: Mail-38xxxxxxxxx', '\\diplom-2-oop\\article\\94', '\\diplom-2-oop\\unsubscribe', '2022-05-27 15:58:33'),
	(91, 'zz1@zz.rr', 'На сайте добавлена новая статья: "Mail-38".', 'Новая статья: Mail-38, Краткое описание статьи: Mail-38xxxxxxxxx', '\\diplom-2-oop\\article\\94', '\\diplom-2-oop\\unsubscribe', '2022-05-27 15:58:33'),
	(92, 'zz3@zz.rr', 'На сайте добавлена новая статья: "Mail-38".', 'Новая статья: Mail-38, Краткое описание статьи: Mail-38xxxxxxxxx', '\\diplom-2-oop\\article\\94', '\\diplom-2-oop\\unsubscribe', '2022-05-27 15:58:33'),
	(93, 'ww@dd.jj', 'На сайте добавлена новая статья: "Mail-38".', 'Новая статья: Mail-38, Краткое описание статьи: Mail-38xxxxxxxxx', '\\diplom-2-oop\\article\\94', '\\diplom-2-oop\\unsubscribe', '2022-05-27 15:58:33'),
	(94, 'ss@dd.nn', 'На сайте добавлена новая статья: "Mail-38".', 'Новая статья: Mail-38, Краткое описание статьи: Mail-38xxxxxxxxx', '\\diplom-2-oop\\article\\94', '\\diplom-2-oop\\unsubscribe', '2022-05-27 15:58:33'),
	(95, 'nat@mail.ru', 'На сайте добавлена новая статья: "Refactoring-1".', 'Новая статья: Refactoring-1, Краткое описание статьи: Refactoring-1', '\\diplom-2-oop\\article\\95', '\\diplom-2-oop\\unsubscribe', '2022-06-01 18:31:14'),
	(96, 'aaa@ddd.ru', 'На сайте добавлена новая статья: "Refactoring-1".', 'Новая статья: Refactoring-1, Краткое описание статьи: Refactoring-1', '\\diplom-2-oop\\article\\95', '\\diplom-2-oop\\unsubscribe', '2022-06-01 18:31:14'),
	(97, 'iren1@mail.ru', 'На сайте добавлена новая статья: "Refactoring-1".', 'Новая статья: Refactoring-1, Краткое описание статьи: Refactoring-1', '\\diplom-2-oop\\article\\95', '\\diplom-2-oop\\unsubscribe', '2022-06-01 18:31:14'),
	(98, 'yu-12@mail.ru', 'На сайте добавлена новая статья: "Refactoring-1".', 'Новая статья: Refactoring-1, Краткое описание статьи: Refactoring-1', '\\diplom-2-oop\\article\\95', '\\diplom-2-oop\\unsubscribe', '2022-06-01 18:31:14'),
	(99, 'nici@xc.ry', 'На сайте добавлена новая статья: "Refactoring-1".', 'Новая статья: Refactoring-1, Краткое описание статьи: Refactoring-1', '\\diplom-2-oop\\article\\95', '\\diplom-2-oop\\unsubscribe', '2022-06-01 18:31:14'),
	(100, 'zz1@zz.rr', 'На сайте добавлена новая статья: "Refactoring-1".', 'Новая статья: Refactoring-1, Краткое описание статьи: Refactoring-1', '\\diplom-2-oop\\article\\95', '\\diplom-2-oop\\unsubscribe', '2022-06-01 18:31:14'),
	(101, 'zz3@zz.rr', 'На сайте добавлена новая статья: "Refactoring-1".', 'Новая статья: Refactoring-1, Краткое описание статьи: Refactoring-1', '\\diplom-2-oop\\article\\95', '\\diplom-2-oop\\unsubscribe', '2022-06-01 18:31:14'),
	(102, 'ww@dd.jj', 'На сайте добавлена новая статья: "Refactoring-1".', 'Новая статья: Refactoring-1, Краткое описание статьи: Refactoring-1', '\\diplom-2-oop\\article\\95', '\\diplom-2-oop\\unsubscribe', '2022-06-01 18:31:14'),
	(103, 'ss@dd.nn', 'На сайте добавлена новая статья: "Refactoring-1".', 'Новая статья: Refactoring-1, Краткое описание статьи: Refactoring-1', '\\diplom-2-oop\\article\\95', '\\diplom-2-oop\\unsubscribe', '2022-06-01 18:31:14'),
	(104, 'rr@ff.kk', 'На сайте добавлена новая статья: "Refactoring-1".', 'Новая статья: Refactoring-1, Краткое описание статьи: Refactoring-1', '\\diplom-2-oop\\article\\95', '\\diplom-2-oop\\unsubscribe', '2022-06-01 18:31:14'),
	(105, 'dd@ss.jj', 'На сайте добавлена новая статья: "Refactoring-1".', 'Новая статья: Refactoring-1, Краткое описание статьи: Refactoring-1', '\\diplom-2-oop\\article\\95', '\\diplom-2-oop\\unsubscribe', '2022-06-01 18:31:14'),
	(106, 'nat@mail.ru', 'На сайте добавлена новая статья: "тест-09".', 'Новая статья: тест-09, Краткое описание статьи: тест-09тест-09', '\\diplom-2-oop\\article\\96', '\\diplom-2-oop\\unsubscribe', '2022-06-09 13:43:53'),
	(107, 'aaa@ddd.ru', 'На сайте добавлена новая статья: "тест-09".', 'Новая статья: тест-09, Краткое описание статьи: тест-09тест-09', '\\diplom-2-oop\\article\\96', '\\diplom-2-oop\\unsubscribe', '2022-06-09 13:43:53'),
	(108, 'iren1@mail.ru', 'На сайте добавлена новая статья: "тест-09".', 'Новая статья: тест-09, Краткое описание статьи: тест-09тест-09', '\\diplom-2-oop\\article\\96', '\\diplom-2-oop\\unsubscribe', '2022-06-09 13:43:53'),
	(109, 'yu-12@mail.ru', 'На сайте добавлена новая статья: "тест-09".', 'Новая статья: тест-09, Краткое описание статьи: тест-09тест-09', '\\diplom-2-oop\\article\\96', '\\diplom-2-oop\\unsubscribe', '2022-06-09 13:43:53'),
	(110, 'nici@xc.ry', 'На сайте добавлена новая статья: "тест-09".', 'Новая статья: тест-09, Краткое описание статьи: тест-09тест-09', '\\diplom-2-oop\\article\\96', '\\diplom-2-oop\\unsubscribe', '2022-06-09 13:43:53'),
	(111, 'zz1@zz.rr', 'На сайте добавлена новая статья: "тест-09".', 'Новая статья: тест-09, Краткое описание статьи: тест-09тест-09', '\\diplom-2-oop\\article\\96', '\\diplom-2-oop\\unsubscribe', '2022-06-09 13:43:53'),
	(112, 'zz3@zz.rr', 'На сайте добавлена новая статья: "тест-09".', 'Новая статья: тест-09, Краткое описание статьи: тест-09тест-09', '\\diplom-2-oop\\article\\96', '\\diplom-2-oop\\unsubscribe', '2022-06-09 13:43:53'),
	(113, 'ww@dd.jj', 'На сайте добавлена новая статья: "тест-09".', 'Новая статья: тест-09, Краткое описание статьи: тест-09тест-09', '\\diplom-2-oop\\article\\96', '\\diplom-2-oop\\unsubscribe', '2022-06-09 13:43:53'),
	(114, 'rr@ff.kk', 'На сайте добавлена новая статья: "тест-09".', 'Новая статья: тест-09, Краткое описание статьи: тест-09тест-09', '\\diplom-2-oop\\article\\96', '\\diplom-2-oop\\unsubscribe', '2022-06-09 13:43:53'),
	(115, 'dd@ss.jj', 'На сайте добавлена новая статья: "тест-09".', 'Новая статья: тест-09, Краткое описание статьи: тест-09тест-09', '\\diplom-2-oop\\article\\96', '\\diplom-2-oop\\unsubscribe', '2022-06-09 13:43:53'),
	(116, 'nat@mail.ru', 'На сайте добавлена новая статья: "wefwF".', 'Новая статья: wefwF, Краткое описание статьи: tWFE', '\\diplom-2-oop\\article\\97', '\\diplom-2-oop\\unsubscribe', '2022-06-09 13:48:39'),
	(117, 'aaa@ddd.ru', 'На сайте добавлена новая статья: "wefwF".', 'Новая статья: wefwF, Краткое описание статьи: tWFE', '\\diplom-2-oop\\article\\97', '\\diplom-2-oop\\unsubscribe', '2022-06-09 13:48:39'),
	(118, 'iren1@mail.ru', 'На сайте добавлена новая статья: "wefwF".', 'Новая статья: wefwF, Краткое описание статьи: tWFE', '\\diplom-2-oop\\article\\97', '\\diplom-2-oop\\unsubscribe', '2022-06-09 13:48:39'),
	(119, 'yu-12@mail.ru', 'На сайте добавлена новая статья: "wefwF".', 'Новая статья: wefwF, Краткое описание статьи: tWFE', '\\diplom-2-oop\\article\\97', '\\diplom-2-oop\\unsubscribe', '2022-06-09 13:48:39'),
	(120, 'nici@xc.ry', 'На сайте добавлена новая статья: "wefwF".', 'Новая статья: wefwF, Краткое описание статьи: tWFE', '\\diplom-2-oop\\article\\97', '\\diplom-2-oop\\unsubscribe', '2022-06-09 13:48:39'),
	(121, 'zz1@zz.rr', 'На сайте добавлена новая статья: "wefwF".', 'Новая статья: wefwF, Краткое описание статьи: tWFE', '\\diplom-2-oop\\article\\97', '\\diplom-2-oop\\unsubscribe', '2022-06-09 13:48:39'),
	(122, 'zz3@zz.rr', 'На сайте добавлена новая статья: "wefwF".', 'Новая статья: wefwF, Краткое описание статьи: tWFE', '\\diplom-2-oop\\article\\97', '\\diplom-2-oop\\unsubscribe', '2022-06-09 13:48:39'),
	(123, 'ww@dd.jj', 'На сайте добавлена новая статья: "wefwF".', 'Новая статья: wefwF, Краткое описание статьи: tWFE', '\\diplom-2-oop\\article\\97', '\\diplom-2-oop\\unsubscribe', '2022-06-09 13:48:39'),
	(124, 'rr@ff.kk', 'На сайте добавлена новая статья: "wefwF".', 'Новая статья: wefwF, Краткое описание статьи: tWFE', '\\diplom-2-oop\\article\\97', '\\diplom-2-oop\\unsubscribe', '2022-06-09 13:48:39'),
	(125, 'dd@ss.jj', 'На сайте добавлена новая статья: "wefwF".', 'Новая статья: wefwF, Краткое описание статьи: tWFE', '\\diplom-2-oop\\article\\97', '\\diplom-2-oop\\unsubscribe', '2022-06-09 13:48:39'),
	(126, 'nat@mail.ru', 'На сайте добавлена новая статья: "WEFGW".', 'Новая статья: WEFGW, Краткое описание статьи: 4R', '\\diplom-2-oop\\article\\98', '\\diplom-2-oop\\unsubscribe', '2022-06-09 13:53:14'),
	(127, 'aaa@ddd.ru', 'На сайте добавлена новая статья: "WEFGW".', 'Новая статья: WEFGW, Краткое описание статьи: 4R', '\\diplom-2-oop\\article\\98', '\\diplom-2-oop\\unsubscribe', '2022-06-09 13:53:14'),
	(128, 'iren1@mail.ru', 'На сайте добавлена новая статья: "WEFGW".', 'Новая статья: WEFGW, Краткое описание статьи: 4R', '\\diplom-2-oop\\article\\98', '\\diplom-2-oop\\unsubscribe', '2022-06-09 13:53:14'),
	(129, 'yu-12@mail.ru', 'На сайте добавлена новая статья: "WEFGW".', 'Новая статья: WEFGW, Краткое описание статьи: 4R', '\\diplom-2-oop\\article\\98', '\\diplom-2-oop\\unsubscribe', '2022-06-09 13:53:14'),
	(130, 'nici@xc.ry', 'На сайте добавлена новая статья: "WEFGW".', 'Новая статья: WEFGW, Краткое описание статьи: 4R', '\\diplom-2-oop\\article\\98', '\\diplom-2-oop\\unsubscribe', '2022-06-09 13:53:14'),
	(131, 'zz1@zz.rr', 'На сайте добавлена новая статья: "WEFGW".', 'Новая статья: WEFGW, Краткое описание статьи: 4R', '\\diplom-2-oop\\article\\98', '\\diplom-2-oop\\unsubscribe', '2022-06-09 13:53:14'),
	(132, 'zz3@zz.rr', 'На сайте добавлена новая статья: "WEFGW".', 'Новая статья: WEFGW, Краткое описание статьи: 4R', '\\diplom-2-oop\\article\\98', '\\diplom-2-oop\\unsubscribe', '2022-06-09 13:53:14'),
	(133, 'ww@dd.jj', 'На сайте добавлена новая статья: "WEFGW".', 'Новая статья: WEFGW, Краткое описание статьи: 4R', '\\diplom-2-oop\\article\\98', '\\diplom-2-oop\\unsubscribe', '2022-06-09 13:53:14'),
	(134, 'rr@ff.kk', 'На сайте добавлена новая статья: "WEFGW".', 'Новая статья: WEFGW, Краткое описание статьи: 4R', '\\diplom-2-oop\\article\\98', '\\diplom-2-oop\\unsubscribe', '2022-06-09 13:53:14'),
	(135, 'dd@ss.jj', 'На сайте добавлена новая статья: "WEFGW".', 'Новая статья: WEFGW, Краткое описание статьи: 4R', '\\diplom-2-oop\\article\\98', '\\diplom-2-oop\\unsubscribe', '2022-06-09 13:53:14'),
	(136, 'nat@mail.ru', 'На сайте добавлена новая статья: "Mail-40".', 'Новая статья: Mail-40, Краткое описание статьи: Mail-40Mail-40', '\\diplom-2-oop\\article\\99', '\\diplom-2-oop\\unsubscribe', '2022-06-14 13:00:49'),
	(137, 'aaa@ddd.ru', 'На сайте добавлена новая статья: "Mail-40".', 'Новая статья: Mail-40, Краткое описание статьи: Mail-40Mail-40', '\\diplom-2-oop\\article\\99', '\\diplom-2-oop\\unsubscribe', '2022-06-14 13:00:49'),
	(138, 'iren1@mail.ru', 'На сайте добавлена новая статья: "Mail-40".', 'Новая статья: Mail-40, Краткое описание статьи: Mail-40Mail-40', '\\diplom-2-oop\\article\\99', '\\diplom-2-oop\\unsubscribe', '2022-06-14 13:00:49'),
	(139, 'yu-12@mail.ru', 'На сайте добавлена новая статья: "Mail-40".', 'Новая статья: Mail-40, Краткое описание статьи: Mail-40Mail-40', '\\diplom-2-oop\\article\\99', '\\diplom-2-oop\\unsubscribe', '2022-06-14 13:00:49'),
	(140, 'nici@xc.ry', 'На сайте добавлена новая статья: "Mail-40".', 'Новая статья: Mail-40, Краткое описание статьи: Mail-40Mail-40', '\\diplom-2-oop\\article\\99', '\\diplom-2-oop\\unsubscribe', '2022-06-14 13:00:49'),
	(141, 'zz1@zz.rr', 'На сайте добавлена новая статья: "Mail-40".', 'Новая статья: Mail-40, Краткое описание статьи: Mail-40Mail-40', '\\diplom-2-oop\\article\\99', '\\diplom-2-oop\\unsubscribe', '2022-06-14 13:00:49'),
	(142, 'zz3@zz.rr', 'На сайте добавлена новая статья: "Mail-40".', 'Новая статья: Mail-40, Краткое описание статьи: Mail-40Mail-40', '\\diplom-2-oop\\article\\99', '\\diplom-2-oop\\unsubscribe', '2022-06-14 13:00:49'),
	(143, 'ee@gg.kk', 'На сайте добавлена новая статья: "Mail-40".', 'Новая статья: Mail-40, Краткое описание статьи: Mail-40Mail-40', '\\diplom-2-oop\\article\\99', '\\diplom-2-oop\\unsubscribe', '2022-06-14 13:00:49'),
	(144, 'ww@dd.jj', 'На сайте добавлена новая статья: "Mail-40".', 'Новая статья: Mail-40, Краткое описание статьи: Mail-40Mail-40', '\\diplom-2-oop\\article\\99', '\\diplom-2-oop\\unsubscribe', '2022-06-14 13:00:49'),
	(145, 'rr@ff.kk', 'На сайте добавлена новая статья: "Mail-40".', 'Новая статья: Mail-40, Краткое описание статьи: Mail-40Mail-40', '\\diplom-2-oop\\article\\99', '\\diplom-2-oop\\unsubscribe', '2022-06-14 13:00:49'),
	(146, 'nat@mail.ru', 'На сайте добавлена новая статья: "Mail-42".', 'Новая статья: Mail-42, Краткое описание статьи: Mail-42ccccccccccccc', '\\diplom-2-oop\\article\\102', '\\diplom-2-oop\\unsubscribe', '2022-06-15 12:52:54'),
	(147, 'aaa@ddd.ru', 'На сайте добавлена новая статья: "Mail-42".', 'Новая статья: Mail-42, Краткое описание статьи: Mail-42ccccccccccccc', '\\diplom-2-oop\\article\\102', '\\diplom-2-oop\\unsubscribe', '2022-06-15 12:52:54'),
	(148, 'iren1@mail.ru', 'На сайте добавлена новая статья: "Mail-42".', 'Новая статья: Mail-42, Краткое описание статьи: Mail-42ccccccccccccc', '\\diplom-2-oop\\article\\102', '\\diplom-2-oop\\unsubscribe', '2022-06-15 12:52:54'),
	(149, 'yu-12@mail.ru', 'На сайте добавлена новая статья: "Mail-42".', 'Новая статья: Mail-42, Краткое описание статьи: Mail-42ccccccccccccc', '\\diplom-2-oop\\article\\102', '\\diplom-2-oop\\unsubscribe', '2022-06-15 12:52:54'),
	(150, 'nici@xc.ry', 'На сайте добавлена новая статья: "Mail-42".', 'Новая статья: Mail-42, Краткое описание статьи: Mail-42ccccccccccccc', '\\diplom-2-oop\\article\\102', '\\diplom-2-oop\\unsubscribe', '2022-06-15 12:52:54'),
	(151, 'zz1@zz.rr', 'На сайте добавлена новая статья: "Mail-42".', 'Новая статья: Mail-42, Краткое описание статьи: Mail-42ccccccccccccc', '\\diplom-2-oop\\article\\102', '\\diplom-2-oop\\unsubscribe', '2022-06-15 12:52:54'),
	(152, 'zz3@zz.rr', 'На сайте добавлена новая статья: "Mail-42".', 'Новая статья: Mail-42, Краткое описание статьи: Mail-42ccccccccccccc', '\\diplom-2-oop\\article\\102', '\\diplom-2-oop\\unsubscribe', '2022-06-15 12:52:54'),
	(153, 'ee@gg.kk', 'На сайте добавлена новая статья: "Mail-42".', 'Новая статья: Mail-42, Краткое описание статьи: Mail-42ccccccccccccc', '\\diplom-2-oop\\article\\102', '\\diplom-2-oop\\unsubscribe', '2022-06-15 12:52:54'),
	(154, 'ww@dd.jj', 'На сайте добавлена новая статья: "Mail-42".', 'Новая статья: Mail-42, Краткое описание статьи: Mail-42ccccccccccccc', '\\diplom-2-oop\\article\\102', '\\diplom-2-oop\\unsubscribe', '2022-06-15 12:52:54'),
	(155, 'rr@ff.kk', 'На сайте добавлена новая статья: "Mail-42".', 'Новая статья: Mail-42, Краткое описание статьи: Mail-42ccccccccccccc', '\\diplom-2-oop\\article\\102', '\\diplom-2-oop\\unsubscribe', '2022-06-15 12:52:54'),
	(156, 'ee@jjkk.ll', 'На сайте добавлена новая статья: "Mail-42".', 'Новая статья: Mail-42, Краткое описание статьи: Mail-42ccccccccccccc', '\\diplom-2-oop\\article\\102', '\\diplom-2-oop\\unsubscribe', '2022-06-15 12:52:54'),
	(157, 'jjj@ddd.ru', 'На сайте добавлена новая статья: "test1".', 'Новая статья: test1, Краткое описание статьи: test1test1test1', '\\diplom-2-oop\\article\\103', '\\diplom-2-oop\\unsubscribe', '2022-06-18 17:00:17'),
	(158, 'iren1@mail.ru', 'На сайте добавлена новая статья: "test1".', 'Новая статья: test1, Краткое описание статьи: test1test1test1', '\\diplom-2-oop\\article\\103', '\\diplom-2-oop\\unsubscribe', '2022-06-18 17:00:17'),
	(159, 'irena@mail.ru', 'На сайте добавлена новая статья: "test1".', 'Новая статья: test1, Краткое описание статьи: test1test1test1', '\\diplom-2-oop\\article\\103', '\\diplom-2-oop\\unsubscribe', '2022-06-18 17:00:17'),
	(160, 'yu-12@mail.ru', 'На сайте добавлена новая статья: "test1".', 'Новая статья: test1, Краткое описание статьи: test1test1test1', '\\diplom-2-oop\\article\\103', '\\diplom-2-oop\\unsubscribe', '2022-06-18 17:00:17'),
	(161, 'nici@xc.ry', 'На сайте добавлена новая статья: "test1".', 'Новая статья: test1, Краткое описание статьи: test1test1test1', '\\diplom-2-oop\\article\\103', '\\diplom-2-oop\\unsubscribe', '2022-06-18 17:00:17'),
	(162, 'zz1@zz.rr', 'На сайте добавлена новая статья: "test1".', 'Новая статья: test1, Краткое описание статьи: test1test1test1', '\\diplom-2-oop\\article\\103', '\\diplom-2-oop\\unsubscribe', '2022-06-18 17:00:17'),
	(163, 'ee@gg.kk', 'На сайте добавлена новая статья: "test1".', 'Новая статья: test1, Краткое описание статьи: test1test1test1', '\\diplom-2-oop\\article\\103', '\\diplom-2-oop\\unsubscribe', '2022-06-18 17:00:17'),
	(164, 'ww@dd.jj', 'На сайте добавлена новая статья: "test1".', 'Новая статья: test1, Краткое описание статьи: test1test1test1', '\\diplom-2-oop\\article\\103', '\\diplom-2-oop\\unsubscribe', '2022-06-18 17:00:17'),
	(165, 'rr@ff.kk', 'На сайте добавлена новая статья: "test1".', 'Новая статья: test1, Краткое описание статьи: test1test1test1', '\\diplom-2-oop\\article\\103', '\\diplom-2-oop\\unsubscribe', '2022-06-18 17:00:17'),
	(166, 'qq@ww.uu', 'На сайте добавлена новая статья: "test1".', 'Новая статья: test1, Краткое описание статьи: test1test1test1', '\\diplom-2-oop\\article\\103', '\\diplom-2-oop\\unsubscribe', '2022-06-18 17:00:17'),
	(167, 'eee@dff.kkk', 'На сайте добавлена новая статья: "test1".', 'Новая статья: test1, Краткое описание статьи: test1test1test1', '\\diplom-2-oop\\article\\103', '\\diplom-2-oop\\unsubscribe', '2022-06-18 17:00:17'),
	(168, 'qq@ss.kk', 'На сайте добавлена новая статья: "test1".', 'Новая статья: test1, Краткое описание статьи: test1test1test1', '\\diplom-2-oop\\article\\103', '\\diplom-2-oop\\unsubscribe', '2022-06-18 17:00:17'),
	(169, 'ee@dd.jj', 'На сайте добавлена новая статья: "test1".', 'Новая статья: test1, Краткое описание статьи: test1test1test1', '\\diplom-2-oop\\article\\103', '\\diplom-2-oop\\unsubscribe', '2022-06-18 17:00:17'),
	(170, 'jjj@ddd.ru', 'На сайте добавлена новая статья: "a444".', 'Новая статья: a444, Краткое описание статьи: 55', '\\diplom-2-oop\\article\\104', '\\diplom-2-oop\\unsubscribe', '2022-06-18 17:04:07'),
	(171, 'iren1@mail.ru', 'На сайте добавлена новая статья: "a444".', 'Новая статья: a444, Краткое описание статьи: 55', '\\diplom-2-oop\\article\\104', '\\diplom-2-oop\\unsubscribe', '2022-06-18 17:04:07'),
	(172, 'irena@mail.ru', 'На сайте добавлена новая статья: "a444".', 'Новая статья: a444, Краткое описание статьи: 55', '\\diplom-2-oop\\article\\104', '\\diplom-2-oop\\unsubscribe', '2022-06-18 17:04:07'),
	(173, 'yu-12@mail.ru', 'На сайте добавлена новая статья: "a444".', 'Новая статья: a444, Краткое описание статьи: 55', '\\diplom-2-oop\\article\\104', '\\diplom-2-oop\\unsubscribe', '2022-06-18 17:04:07'),
	(174, 'nici@xc.ry', 'На сайте добавлена новая статья: "a444".', 'Новая статья: a444, Краткое описание статьи: 55', '\\diplom-2-oop\\article\\104', '\\diplom-2-oop\\unsubscribe', '2022-06-18 17:04:07'),
	(175, 'zz1@zz.rr', 'На сайте добавлена новая статья: "a444".', 'Новая статья: a444, Краткое описание статьи: 55', '\\diplom-2-oop\\article\\104', '\\diplom-2-oop\\unsubscribe', '2022-06-18 17:04:07'),
	(176, 'ee@gg.kk', 'На сайте добавлена новая статья: "a444".', 'Новая статья: a444, Краткое описание статьи: 55', '\\diplom-2-oop\\article\\104', '\\diplom-2-oop\\unsubscribe', '2022-06-18 17:04:07'),
	(177, 'ww@dd.jj', 'На сайте добавлена новая статья: "a444".', 'Новая статья: a444, Краткое описание статьи: 55', '\\diplom-2-oop\\article\\104', '\\diplom-2-oop\\unsubscribe', '2022-06-18 17:04:07'),
	(178, 'rr@ff.kk', 'На сайте добавлена новая статья: "a444".', 'Новая статья: a444, Краткое описание статьи: 55', '\\diplom-2-oop\\article\\104', '\\diplom-2-oop\\unsubscribe', '2022-06-18 17:04:07'),
	(179, 'qq@ww.uu', 'На сайте добавлена новая статья: "a444".', 'Новая статья: a444, Краткое описание статьи: 55', '\\diplom-2-oop\\article\\104', '\\diplom-2-oop\\unsubscribe', '2022-06-18 17:04:07'),
	(180, 'eee@dff.kkk', 'На сайте добавлена новая статья: "a444".', 'Новая статья: a444, Краткое описание статьи: 55', '\\diplom-2-oop\\article\\104', '\\diplom-2-oop\\unsubscribe', '2022-06-18 17:04:07'),
	(181, 'qq@ss.kk', 'На сайте добавлена новая статья: "a444".', 'Новая статья: a444, Краткое описание статьи: 55', '\\diplom-2-oop\\article\\104', '\\diplom-2-oop\\unsubscribe', '2022-06-18 17:04:07'),
	(182, 'ee@dd.jj', 'На сайте добавлена новая статья: "a444".', 'Новая статья: a444, Краткое описание статьи: 55', '\\diplom-2-oop\\article\\104', '\\diplom-2-oop\\unsubscribe', '2022-06-18 17:04:07'),
	(183, 'jjj@ddd.ru', 'На сайте добавлена новая статья: "a444".', 'Новая статья: a444, Краткое описание статьи: 55', '\\diplom-2-oop\\article\\105', '\\diplom-2-oop\\unsubscribe', '2022-06-18 17:04:19'),
	(184, 'iren1@mail.ru', 'На сайте добавлена новая статья: "a444".', 'Новая статья: a444, Краткое описание статьи: 55', '\\diplom-2-oop\\article\\105', '\\diplom-2-oop\\unsubscribe', '2022-06-18 17:04:19'),
	(185, 'irena@mail.ru', 'На сайте добавлена новая статья: "a444".', 'Новая статья: a444, Краткое описание статьи: 55', '\\diplom-2-oop\\article\\105', '\\diplom-2-oop\\unsubscribe', '2022-06-18 17:04:19'),
	(186, 'yu-12@mail.ru', 'На сайте добавлена новая статья: "a444".', 'Новая статья: a444, Краткое описание статьи: 55', '\\diplom-2-oop\\article\\105', '\\diplom-2-oop\\unsubscribe', '2022-06-18 17:04:19'),
	(187, 'nici@xc.ry', 'На сайте добавлена новая статья: "a444".', 'Новая статья: a444, Краткое описание статьи: 55', '\\diplom-2-oop\\article\\105', '\\diplom-2-oop\\unsubscribe', '2022-06-18 17:04:19'),
	(188, 'zz1@zz.rr', 'На сайте добавлена новая статья: "a444".', 'Новая статья: a444, Краткое описание статьи: 55', '\\diplom-2-oop\\article\\105', '\\diplom-2-oop\\unsubscribe', '2022-06-18 17:04:19'),
	(189, 'ee@gg.kk', 'На сайте добавлена новая статья: "a444".', 'Новая статья: a444, Краткое описание статьи: 55', '\\diplom-2-oop\\article\\105', '\\diplom-2-oop\\unsubscribe', '2022-06-18 17:04:19'),
	(190, 'ww@dd.jj', 'На сайте добавлена новая статья: "a444".', 'Новая статья: a444, Краткое описание статьи: 55', '\\diplom-2-oop\\article\\105', '\\diplom-2-oop\\unsubscribe', '2022-06-18 17:04:19'),
	(191, 'rr@ff.kk', 'На сайте добавлена новая статья: "a444".', 'Новая статья: a444, Краткое описание статьи: 55', '\\diplom-2-oop\\article\\105', '\\diplom-2-oop\\unsubscribe', '2022-06-18 17:04:19'),
	(192, 'qq@ww.uu', 'На сайте добавлена новая статья: "a444".', 'Новая статья: a444, Краткое описание статьи: 55', '\\diplom-2-oop\\article\\105', '\\diplom-2-oop\\unsubscribe', '2022-06-18 17:04:19'),
	(193, 'eee@dff.kkk', 'На сайте добавлена новая статья: "a444".', 'Новая статья: a444, Краткое описание статьи: 55', '\\diplom-2-oop\\article\\105', '\\diplom-2-oop\\unsubscribe', '2022-06-18 17:04:19'),
	(194, 'qq@ss.kk', 'На сайте добавлена новая статья: "a444".', 'Новая статья: a444, Краткое описание статьи: 55', '\\diplom-2-oop\\article\\105', '\\diplom-2-oop\\unsubscribe', '2022-06-18 17:04:19'),
	(195, 'ee@dd.jj', 'На сайте добавлена новая статья: "a444".', 'Новая статья: a444, Краткое описание статьи: 55', '\\diplom-2-oop\\article\\105', '\\diplom-2-oop\\unsubscribe', '2022-06-18 17:04:19'),
	(196, 'jjj@ddd.ru', 'На сайте добавлена новая статья: "test2".', 'Новая статья: test2, Краткое описание статьи: erfthyu', '\\diplom-2-oop\\article\\106', '\\diplom-2-oop\\unsubscribe', '2022-06-18 17:14:33'),
	(197, 'iren1@mail.ru', 'На сайте добавлена новая статья: "test2".', 'Новая статья: test2, Краткое описание статьи: erfthyu', '\\diplom-2-oop\\article\\106', '\\diplom-2-oop\\unsubscribe', '2022-06-18 17:14:33'),
	(198, 'irena@mail.ru', 'На сайте добавлена новая статья: "test2".', 'Новая статья: test2, Краткое описание статьи: erfthyu', '\\diplom-2-oop\\article\\106', '\\diplom-2-oop\\unsubscribe', '2022-06-18 17:14:33'),
	(199, 'yu-12@mail.ru', 'На сайте добавлена новая статья: "test2".', 'Новая статья: test2, Краткое описание статьи: erfthyu', '\\diplom-2-oop\\article\\106', '\\diplom-2-oop\\unsubscribe', '2022-06-18 17:14:33'),
	(200, 'nici@xc.ry', 'На сайте добавлена новая статья: "test2".', 'Новая статья: test2, Краткое описание статьи: erfthyu', '\\diplom-2-oop\\article\\106', '\\diplom-2-oop\\unsubscribe', '2022-06-18 17:14:33'),
	(201, 'zz1@zz.rr', 'На сайте добавлена новая статья: "test2".', 'Новая статья: test2, Краткое описание статьи: erfthyu', '\\diplom-2-oop\\article\\106', '\\diplom-2-oop\\unsubscribe', '2022-06-18 17:14:33'),
	(202, 'ee@gg.kk', 'На сайте добавлена новая статья: "test2".', 'Новая статья: test2, Краткое описание статьи: erfthyu', '\\diplom-2-oop\\article\\106', '\\diplom-2-oop\\unsubscribe', '2022-06-18 17:14:33'),
	(203, 'ww@dd.jj', 'На сайте добавлена новая статья: "test2".', 'Новая статья: test2, Краткое описание статьи: erfthyu', '\\diplom-2-oop\\article\\106', '\\diplom-2-oop\\unsubscribe', '2022-06-18 17:14:33'),
	(204, 'rr@ff.kk', 'На сайте добавлена новая статья: "test2".', 'Новая статья: test2, Краткое описание статьи: erfthyu', '\\diplom-2-oop\\article\\106', '\\diplom-2-oop\\unsubscribe', '2022-06-18 17:14:33'),
	(205, 'qq@ww.uu', 'На сайте добавлена новая статья: "test2".', 'Новая статья: test2, Краткое описание статьи: erfthyu', '\\diplom-2-oop\\article\\106', '\\diplom-2-oop\\unsubscribe', '2022-06-18 17:14:33'),
	(206, 'eee@dff.kkk', 'На сайте добавлена новая статья: "test2".', 'Новая статья: test2, Краткое описание статьи: erfthyu', '\\diplom-2-oop\\article\\106', '\\diplom-2-oop\\unsubscribe', '2022-06-18 17:14:33'),
	(207, 'qq@ss.kk', 'На сайте добавлена новая статья: "test2".', 'Новая статья: test2, Краткое описание статьи: erfthyu', '\\diplom-2-oop\\article\\106', '\\diplom-2-oop\\unsubscribe', '2022-06-18 17:14:33'),
	(208, 'ee@dd.jj', 'На сайте добавлена новая статья: "test2".', 'Новая статья: test2, Краткое описание статьи: erfthyu', '\\diplom-2-oop\\article\\106', '\\diplom-2-oop\\unsubscribe', '2022-06-18 17:14:33'),
	(209, 'jjj@ddd.ru', 'На сайте добавлена новая статья: "test2".', 'Новая статья: test2, Краткое описание статьи: erfthyu', '\\diplom-2-oop\\article\\107', '\\diplom-2-oop\\unsubscribe', '2022-06-18 17:14:37'),
	(210, 'iren1@mail.ru', 'На сайте добавлена новая статья: "test2".', 'Новая статья: test2, Краткое описание статьи: erfthyu', '\\diplom-2-oop\\article\\107', '\\diplom-2-oop\\unsubscribe', '2022-06-18 17:14:37'),
	(211, 'irena@mail.ru', 'На сайте добавлена новая статья: "test2".', 'Новая статья: test2, Краткое описание статьи: erfthyu', '\\diplom-2-oop\\article\\107', '\\diplom-2-oop\\unsubscribe', '2022-06-18 17:14:37'),
	(212, 'yu-12@mail.ru', 'На сайте добавлена новая статья: "test2".', 'Новая статья: test2, Краткое описание статьи: erfthyu', '\\diplom-2-oop\\article\\107', '\\diplom-2-oop\\unsubscribe', '2022-06-18 17:14:37'),
	(213, 'nici@xc.ry', 'На сайте добавлена новая статья: "test2".', 'Новая статья: test2, Краткое описание статьи: erfthyu', '\\diplom-2-oop\\article\\107', '\\diplom-2-oop\\unsubscribe', '2022-06-18 17:14:37'),
	(214, 'zz1@zz.rr', 'На сайте добавлена новая статья: "test2".', 'Новая статья: test2, Краткое описание статьи: erfthyu', '\\diplom-2-oop\\article\\107', '\\diplom-2-oop\\unsubscribe', '2022-06-18 17:14:37'),
	(215, 'ee@gg.kk', 'На сайте добавлена новая статья: "test2".', 'Новая статья: test2, Краткое описание статьи: erfthyu', '\\diplom-2-oop\\article\\107', '\\diplom-2-oop\\unsubscribe', '2022-06-18 17:14:37'),
	(216, 'ww@dd.jj', 'На сайте добавлена новая статья: "test2".', 'Новая статья: test2, Краткое описание статьи: erfthyu', '\\diplom-2-oop\\article\\107', '\\diplom-2-oop\\unsubscribe', '2022-06-18 17:14:37'),
	(217, 'rr@ff.kk', 'На сайте добавлена новая статья: "test2".', 'Новая статья: test2, Краткое описание статьи: erfthyu', '\\diplom-2-oop\\article\\107', '\\diplom-2-oop\\unsubscribe', '2022-06-18 17:14:37'),
	(218, 'qq@ww.uu', 'На сайте добавлена новая статья: "test2".', 'Новая статья: test2, Краткое описание статьи: erfthyu', '\\diplom-2-oop\\article\\107', '\\diplom-2-oop\\unsubscribe', '2022-06-18 17:14:37'),
	(219, 'eee@dff.kkk', 'На сайте добавлена новая статья: "test2".', 'Новая статья: test2, Краткое описание статьи: erfthyu', '\\diplom-2-oop\\article\\107', '\\diplom-2-oop\\unsubscribe', '2022-06-18 17:14:37'),
	(220, 'qq@ss.kk', 'На сайте добавлена новая статья: "test2".', 'Новая статья: test2, Краткое описание статьи: erfthyu', '\\diplom-2-oop\\article\\107', '\\diplom-2-oop\\unsubscribe', '2022-06-18 17:14:37'),
	(221, 'ee@dd.jj', 'На сайте добавлена новая статья: "test2".', 'Новая статья: test2, Краткое описание статьи: erfthyu', '\\diplom-2-oop\\article\\107', '\\diplom-2-oop\\unsubscribe', '2022-06-18 17:14:37'),
	(222, 'jjj@ddd.ru', 'На сайте добавлена новая статья: "sdfg".', 'Новая статья: sdfg, Краткое описание статьи: ghj', '\\diplom-2-oop\\article\\108', '\\diplom-2-oop\\unsubscribe', '2022-06-18 17:29:47'),
	(223, 'iren1@mail.ru', 'На сайте добавлена новая статья: "sdfg".', 'Новая статья: sdfg, Краткое описание статьи: ghj', '\\diplom-2-oop\\article\\108', '\\diplom-2-oop\\unsubscribe', '2022-06-18 17:29:47'),
	(224, 'irena@mail.ru', 'На сайте добавлена новая статья: "sdfg".', 'Новая статья: sdfg, Краткое описание статьи: ghj', '\\diplom-2-oop\\article\\108', '\\diplom-2-oop\\unsubscribe', '2022-06-18 17:29:47'),
	(225, 'yu-12@mail.ru', 'На сайте добавлена новая статья: "sdfg".', 'Новая статья: sdfg, Краткое описание статьи: ghj', '\\diplom-2-oop\\article\\108', '\\diplom-2-oop\\unsubscribe', '2022-06-18 17:29:47'),
	(226, 'nici@xc.ry', 'На сайте добавлена новая статья: "sdfg".', 'Новая статья: sdfg, Краткое описание статьи: ghj', '\\diplom-2-oop\\article\\108', '\\diplom-2-oop\\unsubscribe', '2022-06-18 17:29:47'),
	(227, 'zz1@zz.rr', 'На сайте добавлена новая статья: "sdfg".', 'Новая статья: sdfg, Краткое описание статьи: ghj', '\\diplom-2-oop\\article\\108', '\\diplom-2-oop\\unsubscribe', '2022-06-18 17:29:47'),
	(228, 'ee@gg.kk', 'На сайте добавлена новая статья: "sdfg".', 'Новая статья: sdfg, Краткое описание статьи: ghj', '\\diplom-2-oop\\article\\108', '\\diplom-2-oop\\unsubscribe', '2022-06-18 17:29:47'),
	(229, 'ww@dd.jj', 'На сайте добавлена новая статья: "sdfg".', 'Новая статья: sdfg, Краткое описание статьи: ghj', '\\diplom-2-oop\\article\\108', '\\diplom-2-oop\\unsubscribe', '2022-06-18 17:29:47'),
	(230, 'rr@ff.kk', 'На сайте добавлена новая статья: "sdfg".', 'Новая статья: sdfg, Краткое описание статьи: ghj', '\\diplom-2-oop\\article\\108', '\\diplom-2-oop\\unsubscribe', '2022-06-18 17:29:47'),
	(231, 'qq@ww.uu', 'На сайте добавлена новая статья: "sdfg".', 'Новая статья: sdfg, Краткое описание статьи: ghj', '\\diplom-2-oop\\article\\108', '\\diplom-2-oop\\unsubscribe', '2022-06-18 17:29:47'),
	(232, 'eee@dff.kkk', 'На сайте добавлена новая статья: "sdfg".', 'Новая статья: sdfg, Краткое описание статьи: ghj', '\\diplom-2-oop\\article\\108', '\\diplom-2-oop\\unsubscribe', '2022-06-18 17:29:47'),
	(233, 'qq@ss.kk', 'На сайте добавлена новая статья: "sdfg".', 'Новая статья: sdfg, Краткое описание статьи: ghj', '\\diplom-2-oop\\article\\108', '\\diplom-2-oop\\unsubscribe', '2022-06-18 17:29:47'),
	(234, 'ee@dd.jj', 'На сайте добавлена новая статья: "sdfg".', 'Новая статья: sdfg, Краткое описание статьи: ghj', '\\diplom-2-oop\\article\\108', '\\diplom-2-oop\\unsubscribe', '2022-06-18 17:29:47'),
	(235, 'jjj@ddd.ru', 'На сайте добавлена новая статья: "tesst3".', 'Новая статья: tesst3, Краткое описание статьи: vtesst3', '\\diplom-2-oop-full-test-code-old\\article\\109', '\\diplom-2-oop-full-test-code-old\\unsubscribe', '2022-06-18 17:32:43'),
	(236, 'iren1@mail.ru', 'На сайте добавлена новая статья: "tesst3".', 'Новая статья: tesst3, Краткое описание статьи: vtesst3', '\\diplom-2-oop-full-test-code-old\\article\\109', '\\diplom-2-oop-full-test-code-old\\unsubscribe', '2022-06-18 17:32:43'),
	(237, 'irena@mail.ru', 'На сайте добавлена новая статья: "tesst3".', 'Новая статья: tesst3, Краткое описание статьи: vtesst3', '\\diplom-2-oop-full-test-code-old\\article\\109', '\\diplom-2-oop-full-test-code-old\\unsubscribe', '2022-06-18 17:32:43'),
	(238, 'yu-12@mail.ru', 'На сайте добавлена новая статья: "tesst3".', 'Новая статья: tesst3, Краткое описание статьи: vtesst3', '\\diplom-2-oop-full-test-code-old\\article\\109', '\\diplom-2-oop-full-test-code-old\\unsubscribe', '2022-06-18 17:32:43'),
	(239, 'nici@xc.ry', 'На сайте добавлена новая статья: "tesst3".', 'Новая статья: tesst3, Краткое описание статьи: vtesst3', '\\diplom-2-oop-full-test-code-old\\article\\109', '\\diplom-2-oop-full-test-code-old\\unsubscribe', '2022-06-18 17:32:43'),
	(240, 'zz1@zz.rr', 'На сайте добавлена новая статья: "tesst3".', 'Новая статья: tesst3, Краткое описание статьи: vtesst3', '\\diplom-2-oop-full-test-code-old\\article\\109', '\\diplom-2-oop-full-test-code-old\\unsubscribe', '2022-06-18 17:32:43'),
	(241, 'ee@gg.kk', 'На сайте добавлена новая статья: "tesst3".', 'Новая статья: tesst3, Краткое описание статьи: vtesst3', '\\diplom-2-oop-full-test-code-old\\article\\109', '\\diplom-2-oop-full-test-code-old\\unsubscribe', '2022-06-18 17:32:43'),
	(242, 'ww@dd.jj', 'На сайте добавлена новая статья: "tesst3".', 'Новая статья: tesst3, Краткое описание статьи: vtesst3', '\\diplom-2-oop-full-test-code-old\\article\\109', '\\diplom-2-oop-full-test-code-old\\unsubscribe', '2022-06-18 17:32:43'),
	(243, 'rr@ff.kk', 'На сайте добавлена новая статья: "tesst3".', 'Новая статья: tesst3, Краткое описание статьи: vtesst3', '\\diplom-2-oop-full-test-code-old\\article\\109', '\\diplom-2-oop-full-test-code-old\\unsubscribe', '2022-06-18 17:32:43'),
	(244, 'qq@ww.uu', 'На сайте добавлена новая статья: "tesst3".', 'Новая статья: tesst3, Краткое описание статьи: vtesst3', '\\diplom-2-oop-full-test-code-old\\article\\109', '\\diplom-2-oop-full-test-code-old\\unsubscribe', '2022-06-18 17:32:43'),
	(245, 'eee@dff.kkk', 'На сайте добавлена новая статья: "tesst3".', 'Новая статья: tesst3, Краткое описание статьи: vtesst3', '\\diplom-2-oop-full-test-code-old\\article\\109', '\\diplom-2-oop-full-test-code-old\\unsubscribe', '2022-06-18 17:32:43'),
	(246, 'qq@ss.kk', 'На сайте добавлена новая статья: "tesst3".', 'Новая статья: tesst3, Краткое описание статьи: vtesst3', '\\diplom-2-oop-full-test-code-old\\article\\109', '\\diplom-2-oop-full-test-code-old\\unsubscribe', '2022-06-18 17:32:43'),
	(247, 'ee@dd.jj', 'На сайте добавлена новая статья: "tesst3".', 'Новая статья: tesst3, Краткое описание статьи: vtesst3', '\\diplom-2-oop-full-test-code-old\\article\\109', '\\diplom-2-oop-full-test-code-old\\unsubscribe', '2022-06-18 17:32:43'),
	(248, 'jjj@ddd.ru', 'На сайте добавлена новая статья: "tesst3".', 'Новая статья: tesst3, Краткое описание статьи: vtesst3', '\\diplom-2-oop-full-test-code-old\\article\\110', '\\diplom-2-oop-full-test-code-old\\unsubscribe', '2022-06-18 17:32:55'),
	(249, 'iren1@mail.ru', 'На сайте добавлена новая статья: "tesst3".', 'Новая статья: tesst3, Краткое описание статьи: vtesst3', '\\diplom-2-oop-full-test-code-old\\article\\110', '\\diplom-2-oop-full-test-code-old\\unsubscribe', '2022-06-18 17:32:55'),
	(250, 'irena@mail.ru', 'На сайте добавлена новая статья: "tesst3".', 'Новая статья: tesst3, Краткое описание статьи: vtesst3', '\\diplom-2-oop-full-test-code-old\\article\\110', '\\diplom-2-oop-full-test-code-old\\unsubscribe', '2022-06-18 17:32:55'),
	(251, 'yu-12@mail.ru', 'На сайте добавлена новая статья: "tesst3".', 'Новая статья: tesst3, Краткое описание статьи: vtesst3', '\\diplom-2-oop-full-test-code-old\\article\\110', '\\diplom-2-oop-full-test-code-old\\unsubscribe', '2022-06-18 17:32:55'),
	(252, 'nici@xc.ry', 'На сайте добавлена новая статья: "tesst3".', 'Новая статья: tesst3, Краткое описание статьи: vtesst3', '\\diplom-2-oop-full-test-code-old\\article\\110', '\\diplom-2-oop-full-test-code-old\\unsubscribe', '2022-06-18 17:32:55'),
	(253, 'zz1@zz.rr', 'На сайте добавлена новая статья: "tesst3".', 'Новая статья: tesst3, Краткое описание статьи: vtesst3', '\\diplom-2-oop-full-test-code-old\\article\\110', '\\diplom-2-oop-full-test-code-old\\unsubscribe', '2022-06-18 17:32:55'),
	(254, 'ee@gg.kk', 'На сайте добавлена новая статья: "tesst3".', 'Новая статья: tesst3, Краткое описание статьи: vtesst3', '\\diplom-2-oop-full-test-code-old\\article\\110', '\\diplom-2-oop-full-test-code-old\\unsubscribe', '2022-06-18 17:32:55'),
	(255, 'ww@dd.jj', 'На сайте добавлена новая статья: "tesst3".', 'Новая статья: tesst3, Краткое описание статьи: vtesst3', '\\diplom-2-oop-full-test-code-old\\article\\110', '\\diplom-2-oop-full-test-code-old\\unsubscribe', '2022-06-18 17:32:55'),
	(256, 'rr@ff.kk', 'На сайте добавлена новая статья: "tesst3".', 'Новая статья: tesst3, Краткое описание статьи: vtesst3', '\\diplom-2-oop-full-test-code-old\\article\\110', '\\diplom-2-oop-full-test-code-old\\unsubscribe', '2022-06-18 17:32:55'),
	(257, 'qq@ww.uu', 'На сайте добавлена новая статья: "tesst3".', 'Новая статья: tesst3, Краткое описание статьи: vtesst3', '\\diplom-2-oop-full-test-code-old\\article\\110', '\\diplom-2-oop-full-test-code-old\\unsubscribe', '2022-06-18 17:32:55'),
	(258, 'eee@dff.kkk', 'На сайте добавлена новая статья: "tesst3".', 'Новая статья: tesst3, Краткое описание статьи: vtesst3', '\\diplom-2-oop-full-test-code-old\\article\\110', '\\diplom-2-oop-full-test-code-old\\unsubscribe', '2022-06-18 17:32:55'),
	(259, 'qq@ss.kk', 'На сайте добавлена новая статья: "tesst3".', 'Новая статья: tesst3, Краткое описание статьи: vtesst3', '\\diplom-2-oop-full-test-code-old\\article\\110', '\\diplom-2-oop-full-test-code-old\\unsubscribe', '2022-06-18 17:32:55'),
	(260, 'ee@dd.jj', 'На сайте добавлена новая статья: "tesst3".', 'Новая статья: tesst3, Краткое описание статьи: vtesst3', '\\diplom-2-oop-full-test-code-old\\article\\110', '\\diplom-2-oop-full-test-code-old\\unsubscribe', '2022-06-18 17:32:55'),
	(261, 'jjj@ddd.ru', 'На сайте добавлена новая статья: "sdfg".', 'Новая статья: sdfg, Краткое описание статьи: ghj', '\\diplom-2-oop\\article\\111', '\\diplom-2-oop\\unsubscribe', '2022-06-18 17:35:59'),
	(262, 'iren1@mail.ru', 'На сайте добавлена новая статья: "sdfg".', 'Новая статья: sdfg, Краткое описание статьи: ghj', '\\diplom-2-oop\\article\\111', '\\diplom-2-oop\\unsubscribe', '2022-06-18 17:35:59'),
	(263, 'irena@mail.ru', 'На сайте добавлена новая статья: "sdfg".', 'Новая статья: sdfg, Краткое описание статьи: ghj', '\\diplom-2-oop\\article\\111', '\\diplom-2-oop\\unsubscribe', '2022-06-18 17:35:59'),
	(264, 'yu-12@mail.ru', 'На сайте добавлена новая статья: "sdfg".', 'Новая статья: sdfg, Краткое описание статьи: ghj', '\\diplom-2-oop\\article\\111', '\\diplom-2-oop\\unsubscribe', '2022-06-18 17:35:59'),
	(265, 'nici@xc.ry', 'На сайте добавлена новая статья: "sdfg".', 'Новая статья: sdfg, Краткое описание статьи: ghj', '\\diplom-2-oop\\article\\111', '\\diplom-2-oop\\unsubscribe', '2022-06-18 17:35:59'),
	(266, 'zz1@zz.rr', 'На сайте добавлена новая статья: "sdfg".', 'Новая статья: sdfg, Краткое описание статьи: ghj', '\\diplom-2-oop\\article\\111', '\\diplom-2-oop\\unsubscribe', '2022-06-18 17:35:59'),
	(267, 'ee@gg.kk', 'На сайте добавлена новая статья: "sdfg".', 'Новая статья: sdfg, Краткое описание статьи: ghj', '\\diplom-2-oop\\article\\111', '\\diplom-2-oop\\unsubscribe', '2022-06-18 17:35:59'),
	(268, 'ww@dd.jj', 'На сайте добавлена новая статья: "sdfg".', 'Новая статья: sdfg, Краткое описание статьи: ghj', '\\diplom-2-oop\\article\\111', '\\diplom-2-oop\\unsubscribe', '2022-06-18 17:35:59'),
	(269, 'rr@ff.kk', 'На сайте добавлена новая статья: "sdfg".', 'Новая статья: sdfg, Краткое описание статьи: ghj', '\\diplom-2-oop\\article\\111', '\\diplom-2-oop\\unsubscribe', '2022-06-18 17:35:59'),
	(270, 'qq@ww.uu', 'На сайте добавлена новая статья: "sdfg".', 'Новая статья: sdfg, Краткое описание статьи: ghj', '\\diplom-2-oop\\article\\111', '\\diplom-2-oop\\unsubscribe', '2022-06-18 17:35:59'),
	(271, 'eee@dff.kkk', 'На сайте добавлена новая статья: "sdfg".', 'Новая статья: sdfg, Краткое описание статьи: ghj', '\\diplom-2-oop\\article\\111', '\\diplom-2-oop\\unsubscribe', '2022-06-18 17:35:59'),
	(272, 'qq@ss.kk', 'На сайте добавлена новая статья: "sdfg".', 'Новая статья: sdfg, Краткое описание статьи: ghj', '\\diplom-2-oop\\article\\111', '\\diplom-2-oop\\unsubscribe', '2022-06-18 17:36:00'),
	(273, 'ee@dd.jj', 'На сайте добавлена новая статья: "sdfg".', 'Новая статья: sdfg, Краткое описание статьи: ghj', '\\diplom-2-oop\\article\\111', '\\diplom-2-oop\\unsubscribe', '2022-06-18 17:36:00'),
	(274, 'jjj@ddd.ru', 'На сайте добавлена новая статья: "test4".', 'Новая статья: test4, Краткое описание статьи: fgg', '\\diplom-2-oop\\article\\112', '\\diplom-2-oop\\unsubscribe', '2022-06-18 17:37:47'),
	(275, 'iren1@mail.ru', 'На сайте добавлена новая статья: "test4".', 'Новая статья: test4, Краткое описание статьи: fgg', '\\diplom-2-oop\\article\\112', '\\diplom-2-oop\\unsubscribe', '2022-06-18 17:37:47'),
	(276, 'irena@mail.ru', 'На сайте добавлена новая статья: "test4".', 'Новая статья: test4, Краткое описание статьи: fgg', '\\diplom-2-oop\\article\\112', '\\diplom-2-oop\\unsubscribe', '2022-06-18 17:37:47'),
	(277, 'yu-12@mail.ru', 'На сайте добавлена новая статья: "test4".', 'Новая статья: test4, Краткое описание статьи: fgg', '\\diplom-2-oop\\article\\112', '\\diplom-2-oop\\unsubscribe', '2022-06-18 17:37:47'),
	(278, 'nici@xc.ry', 'На сайте добавлена новая статья: "test4".', 'Новая статья: test4, Краткое описание статьи: fgg', '\\diplom-2-oop\\article\\112', '\\diplom-2-oop\\unsubscribe', '2022-06-18 17:37:47'),
	(279, 'zz1@zz.rr', 'На сайте добавлена новая статья: "test4".', 'Новая статья: test4, Краткое описание статьи: fgg', '\\diplom-2-oop\\article\\112', '\\diplom-2-oop\\unsubscribe', '2022-06-18 17:37:47'),
	(280, 'ee@gg.kk', 'На сайте добавлена новая статья: "test4".', 'Новая статья: test4, Краткое описание статьи: fgg', '\\diplom-2-oop\\article\\112', '\\diplom-2-oop\\unsubscribe', '2022-06-18 17:37:47'),
	(281, 'ww@dd.jj', 'На сайте добавлена новая статья: "test4".', 'Новая статья: test4, Краткое описание статьи: fgg', '\\diplom-2-oop\\article\\112', '\\diplom-2-oop\\unsubscribe', '2022-06-18 17:37:47'),
	(282, 'rr@ff.kk', 'На сайте добавлена новая статья: "test4".', 'Новая статья: test4, Краткое описание статьи: fgg', '\\diplom-2-oop\\article\\112', '\\diplom-2-oop\\unsubscribe', '2022-06-18 17:37:47'),
	(283, 'qq@ww.uu', 'На сайте добавлена новая статья: "test4".', 'Новая статья: test4, Краткое описание статьи: fgg', '\\diplom-2-oop\\article\\112', '\\diplom-2-oop\\unsubscribe', '2022-06-18 17:37:47'),
	(284, 'eee@dff.kkk', 'На сайте добавлена новая статья: "test4".', 'Новая статья: test4, Краткое описание статьи: fgg', '\\diplom-2-oop\\article\\112', '\\diplom-2-oop\\unsubscribe', '2022-06-18 17:37:47'),
	(285, 'qq@ss.kk', 'На сайте добавлена новая статья: "test4".', 'Новая статья: test4, Краткое описание статьи: fgg', '\\diplom-2-oop\\article\\112', '\\diplom-2-oop\\unsubscribe', '2022-06-18 17:37:47'),
	(286, 'ee@dd.jj', 'На сайте добавлена новая статья: "test4".', 'Новая статья: test4, Краткое описание статьи: fgg', '\\diplom-2-oop\\article\\112', '\\diplom-2-oop\\unsubscribe', '2022-06-18 17:37:47'),
	(287, 'jjj@ddd.ru', 'На сайте добавлена новая статья: "ertyu".', 'Новая статья: ertyu, Краткое описание статьи: fghjk', '\\diplom-2-oop\\article\\113', '\\diplom-2-oop\\unsubscribe', '2022-06-18 17:46:02'),
	(288, 'iren1@mail.ru', 'На сайте добавлена новая статья: "ertyu".', 'Новая статья: ertyu, Краткое описание статьи: fghjk', '\\diplom-2-oop\\article\\113', '\\diplom-2-oop\\unsubscribe', '2022-06-18 17:46:02'),
	(289, 'irena@mail.ru', 'На сайте добавлена новая статья: "ertyu".', 'Новая статья: ertyu, Краткое описание статьи: fghjk', '\\diplom-2-oop\\article\\113', '\\diplom-2-oop\\unsubscribe', '2022-06-18 17:46:02'),
	(290, 'yu-12@mail.ru', 'На сайте добавлена новая статья: "ertyu".', 'Новая статья: ertyu, Краткое описание статьи: fghjk', '\\diplom-2-oop\\article\\113', '\\diplom-2-oop\\unsubscribe', '2022-06-18 17:46:02'),
	(291, 'nici@xc.ry', 'На сайте добавлена новая статья: "ertyu".', 'Новая статья: ertyu, Краткое описание статьи: fghjk', '\\diplom-2-oop\\article\\113', '\\diplom-2-oop\\unsubscribe', '2022-06-18 17:46:02'),
	(292, 'zz1@zz.rr', 'На сайте добавлена новая статья: "ertyu".', 'Новая статья: ertyu, Краткое описание статьи: fghjk', '\\diplom-2-oop\\article\\113', '\\diplom-2-oop\\unsubscribe', '2022-06-18 17:46:02'),
	(293, 'ee@gg.kk', 'На сайте добавлена новая статья: "ertyu".', 'Новая статья: ertyu, Краткое описание статьи: fghjk', '\\diplom-2-oop\\article\\113', '\\diplom-2-oop\\unsubscribe', '2022-06-18 17:46:02'),
	(294, 'ww@dd.jj', 'На сайте добавлена новая статья: "ertyu".', 'Новая статья: ertyu, Краткое описание статьи: fghjk', '\\diplom-2-oop\\article\\113', '\\diplom-2-oop\\unsubscribe', '2022-06-18 17:46:02'),
	(295, 'rr@ff.kk', 'На сайте добавлена новая статья: "ertyu".', 'Новая статья: ertyu, Краткое описание статьи: fghjk', '\\diplom-2-oop\\article\\113', '\\diplom-2-oop\\unsubscribe', '2022-06-18 17:46:02'),
	(296, 'qq@ww.uu', 'На сайте добавлена новая статья: "ertyu".', 'Новая статья: ertyu, Краткое описание статьи: fghjk', '\\diplom-2-oop\\article\\113', '\\diplom-2-oop\\unsubscribe', '2022-06-18 17:46:02'),
	(297, 'eee@dff.kkk', 'На сайте добавлена новая статья: "ertyu".', 'Новая статья: ertyu, Краткое описание статьи: fghjk', '\\diplom-2-oop\\article\\113', '\\diplom-2-oop\\unsubscribe', '2022-06-18 17:46:02'),
	(298, 'qq@ss.kk', 'На сайте добавлена новая статья: "ertyu".', 'Новая статья: ertyu, Краткое описание статьи: fghjk', '\\diplom-2-oop\\article\\113', '\\diplom-2-oop\\unsubscribe', '2022-06-18 17:46:02'),
	(299, 'ee@dd.jj', 'На сайте добавлена новая статья: "ertyu".', 'Новая статья: ertyu, Краткое описание статьи: fghjk', '\\diplom-2-oop\\article\\113', '\\diplom-2-oop\\unsubscribe', '2022-06-18 17:46:02'),
	(300, 'jjj@ddd.ru', 'На сайте добавлена новая статья: "drftgyuj".', 'Новая статья: drftgyuj, Краткое описание статьи: dfgh', '\\diplom-2-oop\\article\\114', '\\diplom-2-oop\\unsubscribe', '2022-06-18 17:47:02'),
	(301, 'iren1@mail.ru', 'На сайте добавлена новая статья: "drftgyuj".', 'Новая статья: drftgyuj, Краткое описание статьи: dfgh', '\\diplom-2-oop\\article\\114', '\\diplom-2-oop\\unsubscribe', '2022-06-18 17:47:02'),
	(302, 'irena@mail.ru', 'На сайте добавлена новая статья: "drftgyuj".', 'Новая статья: drftgyuj, Краткое описание статьи: dfgh', '\\diplom-2-oop\\article\\114', '\\diplom-2-oop\\unsubscribe', '2022-06-18 17:47:02'),
	(303, 'yu-12@mail.ru', 'На сайте добавлена новая статья: "drftgyuj".', 'Новая статья: drftgyuj, Краткое описание статьи: dfgh', '\\diplom-2-oop\\article\\114', '\\diplom-2-oop\\unsubscribe', '2022-06-18 17:47:02'),
	(304, 'nici@xc.ry', 'На сайте добавлена новая статья: "drftgyuj".', 'Новая статья: drftgyuj, Краткое описание статьи: dfgh', '\\diplom-2-oop\\article\\114', '\\diplom-2-oop\\unsubscribe', '2022-06-18 17:47:02'),
	(305, 'zz1@zz.rr', 'На сайте добавлена новая статья: "drftgyuj".', 'Новая статья: drftgyuj, Краткое описание статьи: dfgh', '\\diplom-2-oop\\article\\114', '\\diplom-2-oop\\unsubscribe', '2022-06-18 17:47:02'),
	(306, 'ee@gg.kk', 'На сайте добавлена новая статья: "drftgyuj".', 'Новая статья: drftgyuj, Краткое описание статьи: dfgh', '\\diplom-2-oop\\article\\114', '\\diplom-2-oop\\unsubscribe', '2022-06-18 17:47:02'),
	(307, 'ww@dd.jj', 'На сайте добавлена новая статья: "drftgyuj".', 'Новая статья: drftgyuj, Краткое описание статьи: dfgh', '\\diplom-2-oop\\article\\114', '\\diplom-2-oop\\unsubscribe', '2022-06-18 17:47:02'),
	(308, 'rr@ff.kk', 'На сайте добавлена новая статья: "drftgyuj".', 'Новая статья: drftgyuj, Краткое описание статьи: dfgh', '\\diplom-2-oop\\article\\114', '\\diplom-2-oop\\unsubscribe', '2022-06-18 17:47:02'),
	(309, 'qq@ww.uu', 'На сайте добавлена новая статья: "drftgyuj".', 'Новая статья: drftgyuj, Краткое описание статьи: dfgh', '\\diplom-2-oop\\article\\114', '\\diplom-2-oop\\unsubscribe', '2022-06-18 17:47:02'),
	(310, 'eee@dff.kkk', 'На сайте добавлена новая статья: "drftgyuj".', 'Новая статья: drftgyuj, Краткое описание статьи: dfgh', '\\diplom-2-oop\\article\\114', '\\diplom-2-oop\\unsubscribe', '2022-06-18 17:47:02'),
	(311, 'qq@ss.kk', 'На сайте добавлена новая статья: "drftgyuj".', 'Новая статья: drftgyuj, Краткое описание статьи: dfgh', '\\diplom-2-oop\\article\\114', '\\diplom-2-oop\\unsubscribe', '2022-06-18 17:47:02'),
	(312, 'ee@dd.jj', 'На сайте добавлена новая статья: "drftgyuj".', 'Новая статья: drftgyuj, Краткое описание статьи: dfgh', '\\diplom-2-oop\\article\\114', '\\diplom-2-oop\\unsubscribe', '2022-06-18 17:47:02'),
	(313, 'jjj@ddd.ru', 'На сайте добавлена новая статья: "test5".', 'Новая статья: test5, Краткое описание статьи: test5test5', '\\diplom-2-oop\\article\\115', '\\diplom-2-oop\\unsubscribe', '2022-06-18 17:53:30'),
	(314, 'iren1@mail.ru', 'На сайте добавлена новая статья: "test5".', 'Новая статья: test5, Краткое описание статьи: test5test5', '\\diplom-2-oop\\article\\115', '\\diplom-2-oop\\unsubscribe', '2022-06-18 17:53:30'),
	(315, 'irena@mail.ru', 'На сайте добавлена новая статья: "test5".', 'Новая статья: test5, Краткое описание статьи: test5test5', '\\diplom-2-oop\\article\\115', '\\diplom-2-oop\\unsubscribe', '2022-06-18 17:53:30'),
	(316, 'yu-12@mail.ru', 'На сайте добавлена новая статья: "test5".', 'Новая статья: test5, Краткое описание статьи: test5test5', '\\diplom-2-oop\\article\\115', '\\diplom-2-oop\\unsubscribe', '2022-06-18 17:53:30'),
	(317, 'nici@xc.ry', 'На сайте добавлена новая статья: "test5".', 'Новая статья: test5, Краткое описание статьи: test5test5', '\\diplom-2-oop\\article\\115', '\\diplom-2-oop\\unsubscribe', '2022-06-18 17:53:30'),
	(318, 'zz1@zz.rr', 'На сайте добавлена новая статья: "test5".', 'Новая статья: test5, Краткое описание статьи: test5test5', '\\diplom-2-oop\\article\\115', '\\diplom-2-oop\\unsubscribe', '2022-06-18 17:53:30'),
	(319, 'ee@gg.kk', 'На сайте добавлена новая статья: "test5".', 'Новая статья: test5, Краткое описание статьи: test5test5', '\\diplom-2-oop\\article\\115', '\\diplom-2-oop\\unsubscribe', '2022-06-18 17:53:30'),
	(320, 'ww@dd.jj', 'На сайте добавлена новая статья: "test5".', 'Новая статья: test5, Краткое описание статьи: test5test5', '\\diplom-2-oop\\article\\115', '\\diplom-2-oop\\unsubscribe', '2022-06-18 17:53:30'),
	(321, 'rr@ff.kk', 'На сайте добавлена новая статья: "test5".', 'Новая статья: test5, Краткое описание статьи: test5test5', '\\diplom-2-oop\\article\\115', '\\diplom-2-oop\\unsubscribe', '2022-06-18 17:53:30'),
	(322, 'qq@ww.uu', 'На сайте добавлена новая статья: "test5".', 'Новая статья: test5, Краткое описание статьи: test5test5', '\\diplom-2-oop\\article\\115', '\\diplom-2-oop\\unsubscribe', '2022-06-18 17:53:30'),
	(323, 'eee@dff.kkk', 'На сайте добавлена новая статья: "test5".', 'Новая статья: test5, Краткое описание статьи: test5test5', '\\diplom-2-oop\\article\\115', '\\diplom-2-oop\\unsubscribe', '2022-06-18 17:53:30'),
	(324, 'qq@ss.kk', 'На сайте добавлена новая статья: "test5".', 'Новая статья: test5, Краткое описание статьи: test5test5', '\\diplom-2-oop\\article\\115', '\\diplom-2-oop\\unsubscribe', '2022-06-18 17:53:30'),
	(325, 'ee@dd.jj', 'На сайте добавлена новая статья: "test5".', 'Новая статья: test5, Краткое описание статьи: test5test5', '\\diplom-2-oop\\article\\115', '\\diplom-2-oop\\unsubscribe', '2022-06-18 17:53:30'),
	(326, 'jjj@ddd.ru', 'На сайте добавлена новая статья: "test6".', 'Новая статья: test6, Краткое описание статьи: test6test6', '\\diplom-2-oop\\article\\116', '\\diplom-2-oop\\unsubscribe', '2022-06-18 17:56:47'),
	(327, 'iren1@mail.ru', 'На сайте добавлена новая статья: "test6".', 'Новая статья: test6, Краткое описание статьи: test6test6', '\\diplom-2-oop\\article\\116', '\\diplom-2-oop\\unsubscribe', '2022-06-18 17:56:47'),
	(328, 'irena@mail.ru', 'На сайте добавлена новая статья: "test6".', 'Новая статья: test6, Краткое описание статьи: test6test6', '\\diplom-2-oop\\article\\116', '\\diplom-2-oop\\unsubscribe', '2022-06-18 17:56:47'),
	(329, 'yu-12@mail.ru', 'На сайте добавлена новая статья: "test6".', 'Новая статья: test6, Краткое описание статьи: test6test6', '\\diplom-2-oop\\article\\116', '\\diplom-2-oop\\unsubscribe', '2022-06-18 17:56:47'),
	(330, 'nici@xc.ry', 'На сайте добавлена новая статья: "test6".', 'Новая статья: test6, Краткое описание статьи: test6test6', '\\diplom-2-oop\\article\\116', '\\diplom-2-oop\\unsubscribe', '2022-06-18 17:56:47'),
	(331, 'zz1@zz.rr', 'На сайте добавлена новая статья: "test6".', 'Новая статья: test6, Краткое описание статьи: test6test6', '\\diplom-2-oop\\article\\116', '\\diplom-2-oop\\unsubscribe', '2022-06-18 17:56:47'),
	(332, 'ee@gg.kk', 'На сайте добавлена новая статья: "test6".', 'Новая статья: test6, Краткое описание статьи: test6test6', '\\diplom-2-oop\\article\\116', '\\diplom-2-oop\\unsubscribe', '2022-06-18 17:56:47'),
	(333, 'ww@dd.jj', 'На сайте добавлена новая статья: "test6".', 'Новая статья: test6, Краткое описание статьи: test6test6', '\\diplom-2-oop\\article\\116', '\\diplom-2-oop\\unsubscribe', '2022-06-18 17:56:47'),
	(334, 'rr@ff.kk', 'На сайте добавлена новая статья: "test6".', 'Новая статья: test6, Краткое описание статьи: test6test6', '\\diplom-2-oop\\article\\116', '\\diplom-2-oop\\unsubscribe', '2022-06-18 17:56:47'),
	(335, 'qq@ww.uu', 'На сайте добавлена новая статья: "test6".', 'Новая статья: test6, Краткое описание статьи: test6test6', '\\diplom-2-oop\\article\\116', '\\diplom-2-oop\\unsubscribe', '2022-06-18 17:56:47'),
	(336, 'eee@dff.kkk', 'На сайте добавлена новая статья: "test6".', 'Новая статья: test6, Краткое описание статьи: test6test6', '\\diplom-2-oop\\article\\116', '\\diplom-2-oop\\unsubscribe', '2022-06-18 17:56:47'),
	(337, 'qq@ss.kk', 'На сайте добавлена новая статья: "test6".', 'Новая статья: test6, Краткое описание статьи: test6test6', '\\diplom-2-oop\\article\\116', '\\diplom-2-oop\\unsubscribe', '2022-06-18 17:56:47'),
	(338, 'ee@dd.jj', 'На сайте добавлена новая статья: "test6".', 'Новая статья: test6, Краткое описание статьи: test6test6', '\\diplom-2-oop\\article\\116', '\\diplom-2-oop\\unsubscribe', '2022-06-18 17:56:47'),
	(339, 'jjj@ddd.ru', 'На сайте добавлена новая статья: "vxcvbnm,".', 'Новая статья: vxcvbnm,, Краткое описание статьи: dfghj', '\\diplom-2-oop\\article\\117', '\\diplom-2-oop\\unsubscribe', '2022-06-18 18:03:13'),
	(340, 'iren1@mail.ru', 'На сайте добавлена новая статья: "vxcvbnm,".', 'Новая статья: vxcvbnm,, Краткое описание статьи: dfghj', '\\diplom-2-oop\\article\\117', '\\diplom-2-oop\\unsubscribe', '2022-06-18 18:03:13'),
	(341, 'irena@mail.ru', 'На сайте добавлена новая статья: "vxcvbnm,".', 'Новая статья: vxcvbnm,, Краткое описание статьи: dfghj', '\\diplom-2-oop\\article\\117', '\\diplom-2-oop\\unsubscribe', '2022-06-18 18:03:13'),
	(342, 'yu-12@mail.ru', 'На сайте добавлена новая статья: "vxcvbnm,".', 'Новая статья: vxcvbnm,, Краткое описание статьи: dfghj', '\\diplom-2-oop\\article\\117', '\\diplom-2-oop\\unsubscribe', '2022-06-18 18:03:13'),
	(343, 'nici@xc.ry', 'На сайте добавлена новая статья: "vxcvbnm,".', 'Новая статья: vxcvbnm,, Краткое описание статьи: dfghj', '\\diplom-2-oop\\article\\117', '\\diplom-2-oop\\unsubscribe', '2022-06-18 18:03:13'),
	(344, 'zz1@zz.rr', 'На сайте добавлена новая статья: "vxcvbnm,".', 'Новая статья: vxcvbnm,, Краткое описание статьи: dfghj', '\\diplom-2-oop\\article\\117', '\\diplom-2-oop\\unsubscribe', '2022-06-18 18:03:13'),
	(345, 'ee@gg.kk', 'На сайте добавлена новая статья: "vxcvbnm,".', 'Новая статья: vxcvbnm,, Краткое описание статьи: dfghj', '\\diplom-2-oop\\article\\117', '\\diplom-2-oop\\unsubscribe', '2022-06-18 18:03:13'),
	(346, 'ww@dd.jj', 'На сайте добавлена новая статья: "vxcvbnm,".', 'Новая статья: vxcvbnm,, Краткое описание статьи: dfghj', '\\diplom-2-oop\\article\\117', '\\diplom-2-oop\\unsubscribe', '2022-06-18 18:03:13'),
	(347, 'rr@ff.kk', 'На сайте добавлена новая статья: "vxcvbnm,".', 'Новая статья: vxcvbnm,, Краткое описание статьи: dfghj', '\\diplom-2-oop\\article\\117', '\\diplom-2-oop\\unsubscribe', '2022-06-18 18:03:13'),
	(348, 'qq@ww.uu', 'На сайте добавлена новая статья: "vxcvbnm,".', 'Новая статья: vxcvbnm,, Краткое описание статьи: dfghj', '\\diplom-2-oop\\article\\117', '\\diplom-2-oop\\unsubscribe', '2022-06-18 18:03:13'),
	(349, 'eee@dff.kkk', 'На сайте добавлена новая статья: "vxcvbnm,".', 'Новая статья: vxcvbnm,, Краткое описание статьи: dfghj', '\\diplom-2-oop\\article\\117', '\\diplom-2-oop\\unsubscribe', '2022-06-18 18:03:13'),
	(350, 'qq@ss.kk', 'На сайте добавлена новая статья: "vxcvbnm,".', 'Новая статья: vxcvbnm,, Краткое описание статьи: dfghj', '\\diplom-2-oop\\article\\117', '\\diplom-2-oop\\unsubscribe', '2022-06-18 18:03:13'),
	(351, 'ee@dd.jj', 'На сайте добавлена новая статья: "vxcvbnm,".', 'Новая статья: vxcvbnm,, Краткое описание статьи: dfghj', '\\diplom-2-oop\\article\\117', '\\diplom-2-oop\\unsubscribe', '2022-06-18 18:03:13'),
	(352, 'jjj@ddd.ru', 'На сайте добавлена новая статья: "ql".', 'Новая статья: ql, Краткое описание статьи: ggg', '\\diplom-2-oop\\article\\118', '\\diplom-2-oop\\unsubscribe', '2022-06-18 18:18:41'),
	(353, 'iren1@mail.ru', 'На сайте добавлена новая статья: "ql".', 'Новая статья: ql, Краткое описание статьи: ggg', '\\diplom-2-oop\\article\\118', '\\diplom-2-oop\\unsubscribe', '2022-06-18 18:18:41'),
	(354, 'irena@mail.ru', 'На сайте добавлена новая статья: "ql".', 'Новая статья: ql, Краткое описание статьи: ggg', '\\diplom-2-oop\\article\\118', '\\diplom-2-oop\\unsubscribe', '2022-06-18 18:18:41'),
	(355, 'yu-12@mail.ru', 'На сайте добавлена новая статья: "ql".', 'Новая статья: ql, Краткое описание статьи: ggg', '\\diplom-2-oop\\article\\118', '\\diplom-2-oop\\unsubscribe', '2022-06-18 18:18:41'),
	(356, 'nici@xc.ry', 'На сайте добавлена новая статья: "ql".', 'Новая статья: ql, Краткое описание статьи: ggg', '\\diplom-2-oop\\article\\118', '\\diplom-2-oop\\unsubscribe', '2022-06-18 18:18:41'),
	(357, 'zz1@zz.rr', 'На сайте добавлена новая статья: "ql".', 'Новая статья: ql, Краткое описание статьи: ggg', '\\diplom-2-oop\\article\\118', '\\diplom-2-oop\\unsubscribe', '2022-06-18 18:18:41'),
	(358, 'ee@gg.kk', 'На сайте добавлена новая статья: "ql".', 'Новая статья: ql, Краткое описание статьи: ggg', '\\diplom-2-oop\\article\\118', '\\diplom-2-oop\\unsubscribe', '2022-06-18 18:18:41'),
	(359, 'ww@dd.jj', 'На сайте добавлена новая статья: "ql".', 'Новая статья: ql, Краткое описание статьи: ggg', '\\diplom-2-oop\\article\\118', '\\diplom-2-oop\\unsubscribe', '2022-06-18 18:18:41'),
	(360, 'rr@ff.kk', 'На сайте добавлена новая статья: "ql".', 'Новая статья: ql, Краткое описание статьи: ggg', '\\diplom-2-oop\\article\\118', '\\diplom-2-oop\\unsubscribe', '2022-06-18 18:18:41'),
	(361, 'qq@ww.uu', 'На сайте добавлена новая статья: "ql".', 'Новая статья: ql, Краткое описание статьи: ggg', '\\diplom-2-oop\\article\\118', '\\diplom-2-oop\\unsubscribe', '2022-06-18 18:18:41'),
	(362, 'eee@dff.kkk', 'На сайте добавлена новая статья: "ql".', 'Новая статья: ql, Краткое описание статьи: ggg', '\\diplom-2-oop\\article\\118', '\\diplom-2-oop\\unsubscribe', '2022-06-18 18:18:41'),
	(363, 'qq@ss.kk', 'На сайте добавлена новая статья: "ql".', 'Новая статья: ql, Краткое описание статьи: ggg', '\\diplom-2-oop\\article\\118', '\\diplom-2-oop\\unsubscribe', '2022-06-18 18:18:41'),
	(364, 'ee@dd.jj', 'На сайте добавлена новая статья: "ql".', 'Новая статья: ql, Краткое описание статьи: ggg', '\\diplom-2-oop\\article\\118', '\\diplom-2-oop\\unsubscribe', '2022-06-18 18:18:41'),
	(365, 'jjj@ddd.ru', 'На сайте добавлена новая статья: "qq".', 'Новая статья: qq, Краткое описание статьи: qa', '\\diplom-2-oop\\article\\119', '\\diplom-2-oop\\unsubscribe', '2022-07-13 13:12:15'),
	(366, 'irena@mail.ru', 'На сайте добавлена новая статья: "qq".', 'Новая статья: qq, Краткое описание статьи: qa', '\\diplom-2-oop\\article\\119', '\\diplom-2-oop\\unsubscribe', '2022-07-13 13:12:15'),
	(367, 'yu-12@mail.ru', 'На сайте добавлена новая статья: "qq".', 'Новая статья: qq, Краткое описание статьи: qa', '\\diplom-2-oop\\article\\119', '\\diplom-2-oop\\unsubscribe', '2022-07-13 13:12:15'),
	(368, 'nici@xc.ry', 'На сайте добавлена новая статья: "qq".', 'Новая статья: qq, Краткое описание статьи: qa', '\\diplom-2-oop\\article\\119', '\\diplom-2-oop\\unsubscribe', '2022-07-13 13:12:15'),
	(369, 'ee@gg.kk', 'На сайте добавлена новая статья: "qq".', 'Новая статья: qq, Краткое описание статьи: qa', '\\diplom-2-oop\\article\\119', '\\diplom-2-oop\\unsubscribe', '2022-07-13 13:12:15'),
	(370, 'rr@ff.kk', 'На сайте добавлена новая статья: "qq".', 'Новая статья: qq, Краткое описание статьи: qa', '\\diplom-2-oop\\article\\119', '\\diplom-2-oop\\unsubscribe', '2022-07-13 13:12:15'),
	(371, 'qq@ww.uu', 'На сайте добавлена новая статья: "qq".', 'Новая статья: qq, Краткое описание статьи: qa', '\\diplom-2-oop\\article\\119', '\\diplom-2-oop\\unsubscribe', '2022-07-13 13:12:15'),
	(372, 'eee@dff.kkk', 'На сайте добавлена новая статья: "qq".', 'Новая статья: qq, Краткое описание статьи: qa', '\\diplom-2-oop\\article\\119', '\\diplom-2-oop\\unsubscribe', '2022-07-13 13:12:15'),
	(373, 'qq@ss.kk', 'На сайте добавлена новая статья: "qq".', 'Новая статья: qq, Краткое описание статьи: qa', '\\diplom-2-oop\\article\\119', '\\diplom-2-oop\\unsubscribe', '2022-07-13 13:12:15'),
	(374, 'ee@dd.jj', 'На сайте добавлена новая статья: "qq".', 'Новая статья: qq, Краткое описание статьи: qa', '\\diplom-2-oop\\article\\119', '\\diplom-2-oop\\unsubscribe', '2022-07-13 13:12:15'),
	(375, 'zz@s.kk', 'На сайте добавлена новая статья: "qq".', 'Новая статья: qq, Краткое описание статьи: qa', '\\diplom-2-oop\\article\\119', '\\diplom-2-oop\\unsubscribe', '2022-07-13 13:12:15'),
	(376, 'sxd@dd.kkk', 'На сайте добавлена новая статья: "qq".', 'Новая статья: qq, Краткое описание статьи: qa', '\\diplom-2-oop\\article\\119', '\\diplom-2-oop\\unsubscribe', '2022-07-13 13:12:15'),
	(377, 'lll@fff.jj', 'На сайте добавлена новая статья: "qq".', 'Новая статья: qq, Краткое описание статьи: qa', '\\diplom-2-oop\\article\\119', '\\diplom-2-oop\\unsubscribe', '2022-07-13 13:12:15'),
	(378, 'aa@sb.jj', 'На сайте добавлена новая статья: "qq".', 'Новая статья: qq, Краткое описание статьи: qa', '\\diplom-2-oop\\article\\119', '\\diplom-2-oop\\unsubscribe', '2022-07-13 13:12:15'),
	(379, 'sdrrgtstg@fgh.jkj', 'На сайте добавлена новая статья: "qq".', 'Новая статья: qq, Краткое описание статьи: qa', '\\diplom-2-oop\\article\\119', '\\diplom-2-oop\\unsubscribe', '2022-07-13 13:12:15'),
	(380, 'sdd@dd.kk', 'На сайте добавлена новая статья: "qq".', 'Новая статья: qq, Краткое описание статьи: qa', '\\diplom-2-oop\\article\\119', '\\diplom-2-oop\\unsubscribe', '2022-07-13 13:12:15'),
	(381, 'sdd@dd.mm', 'На сайте добавлена новая статья: "qq".', 'Новая статья: qq, Краткое описание статьи: qa', '\\diplom-2-oop\\article\\119', '\\diplom-2-oop\\unsubscribe', '2022-07-13 13:12:15'),
	(382, 'jjj@ddd.ru', 'На сайте добавлена новая статья: "аа".', 'Новая статья: аа, Краткое описание статьи: 5кк', '\\diplom-2-oop\\article\\120', '\\diplom-2-oop\\unsubscribe', '2022-07-13 13:23:20'),
	(383, 'irena@mail.ru', 'На сайте добавлена новая статья: "аа".', 'Новая статья: аа, Краткое описание статьи: 5кк', '\\diplom-2-oop\\article\\120', '\\diplom-2-oop\\unsubscribe', '2022-07-13 13:23:20'),
	(384, 'yu-12@mail.ru', 'На сайте добавлена новая статья: "аа".', 'Новая статья: аа, Краткое описание статьи: 5кк', '\\diplom-2-oop\\article\\120', '\\diplom-2-oop\\unsubscribe', '2022-07-13 13:23:20'),
	(385, 'nici@xc.ry', 'На сайте добавлена новая статья: "аа".', 'Новая статья: аа, Краткое описание статьи: 5кк', '\\diplom-2-oop\\article\\120', '\\diplom-2-oop\\unsubscribe', '2022-07-13 13:23:20'),
	(386, 'ee@gg.kk', 'На сайте добавлена новая статья: "аа".', 'Новая статья: аа, Краткое описание статьи: 5кк', '\\diplom-2-oop\\article\\120', '\\diplom-2-oop\\unsubscribe', '2022-07-13 13:23:20'),
	(387, 'rr@ff.kk', 'На сайте добавлена новая статья: "аа".', 'Новая статья: аа, Краткое описание статьи: 5кк', '\\diplom-2-oop\\article\\120', '\\diplom-2-oop\\unsubscribe', '2022-07-13 13:23:20'),
	(388, 'qq@ww.uu', 'На сайте добавлена новая статья: "аа".', 'Новая статья: аа, Краткое описание статьи: 5кк', '\\diplom-2-oop\\article\\120', '\\diplom-2-oop\\unsubscribe', '2022-07-13 13:23:20'),
	(389, 'eee@dff.kkk', 'На сайте добавлена новая статья: "аа".', 'Новая статья: аа, Краткое описание статьи: 5кк', '\\diplom-2-oop\\article\\120', '\\diplom-2-oop\\unsubscribe', '2022-07-13 13:23:20'),
	(390, 'qq@ss.kk', 'На сайте добавлена новая статья: "аа".', 'Новая статья: аа, Краткое описание статьи: 5кк', '\\diplom-2-oop\\article\\120', '\\diplom-2-oop\\unsubscribe', '2022-07-13 13:23:20'),
	(391, 'ee@dd.jj', 'На сайте добавлена новая статья: "аа".', 'Новая статья: аа, Краткое описание статьи: 5кк', '\\diplom-2-oop\\article\\120', '\\diplom-2-oop\\unsubscribe', '2022-07-13 13:23:20'),
	(392, 'zz@s.kk', 'На сайте добавлена новая статья: "аа".', 'Новая статья: аа, Краткое описание статьи: 5кк', '\\diplom-2-oop\\article\\120', '\\diplom-2-oop\\unsubscribe', '2022-07-13 13:23:20'),
	(393, 'sxd@dd.kkk', 'На сайте добавлена новая статья: "аа".', 'Новая статья: аа, Краткое описание статьи: 5кк', '\\diplom-2-oop\\article\\120', '\\diplom-2-oop\\unsubscribe', '2022-07-13 13:23:20'),
	(394, 'lll@fff.jj', 'На сайте добавлена новая статья: "аа".', 'Новая статья: аа, Краткое описание статьи: 5кк', '\\diplom-2-oop\\article\\120', '\\diplom-2-oop\\unsubscribe', '2022-07-13 13:23:20'),
	(395, 'aa@sb.jj', 'На сайте добавлена новая статья: "аа".', 'Новая статья: аа, Краткое описание статьи: 5кк', '\\diplom-2-oop\\article\\120', '\\diplom-2-oop\\unsubscribe', '2022-07-13 13:23:20'),
	(396, 'sdrrgtstg@fgh.jkj', 'На сайте добавлена новая статья: "аа".', 'Новая статья: аа, Краткое описание статьи: 5кк', '\\diplom-2-oop\\article\\120', '\\diplom-2-oop\\unsubscribe', '2022-07-13 13:23:20'),
	(397, 'sdd@dd.kk', 'На сайте добавлена новая статья: "аа".', 'Новая статья: аа, Краткое описание статьи: 5кк', '\\diplom-2-oop\\article\\120', '\\diplom-2-oop\\unsubscribe', '2022-07-13 13:23:20'),
	(398, 'sdd@dd.mm', 'На сайте добавлена новая статья: "аа".', 'Новая статья: аа, Краткое описание статьи: 5кк', '\\diplom-2-oop\\article\\120', '\\diplom-2-oop\\unsubscribe', '2022-07-13 13:23:20'),
	(399, 'jjj@ddd.ru', 'На сайте добавлена новая статья: "ыцукен".', 'Новая статья: ыцукен, Краткое описание статьи: кенг', '\\diplom-2-oop\\article\\121', '\\diplom-2-oop\\unsubscribe', '2022-07-13 13:24:41'),
	(400, 'irena@mail.ru', 'На сайте добавлена новая статья: "ыцукен".', 'Новая статья: ыцукен, Краткое описание статьи: кенг', '\\diplom-2-oop\\article\\121', '\\diplom-2-oop\\unsubscribe', '2022-07-13 13:24:41'),
	(401, 'yu-12@mail.ru', 'На сайте добавлена новая статья: "ыцукен".', 'Новая статья: ыцукен, Краткое описание статьи: кенг', '\\diplom-2-oop\\article\\121', '\\diplom-2-oop\\unsubscribe', '2022-07-13 13:24:41'),
	(402, 'nici@xc.ry', 'На сайте добавлена новая статья: "ыцукен".', 'Новая статья: ыцукен, Краткое описание статьи: кенг', '\\diplom-2-oop\\article\\121', '\\diplom-2-oop\\unsubscribe', '2022-07-13 13:24:41'),
	(403, 'ee@gg.kk', 'На сайте добавлена новая статья: "ыцукен".', 'Новая статья: ыцукен, Краткое описание статьи: кенг', '\\diplom-2-oop\\article\\121', '\\diplom-2-oop\\unsubscribe', '2022-07-13 13:24:41'),
	(404, 'rr@ff.kk', 'На сайте добавлена новая статья: "ыцукен".', 'Новая статья: ыцукен, Краткое описание статьи: кенг', '\\diplom-2-oop\\article\\121', '\\diplom-2-oop\\unsubscribe', '2022-07-13 13:24:41'),
	(405, 'qq@ww.uu', 'На сайте добавлена новая статья: "ыцукен".', 'Новая статья: ыцукен, Краткое описание статьи: кенг', '\\diplom-2-oop\\article\\121', '\\diplom-2-oop\\unsubscribe', '2022-07-13 13:24:41'),
	(406, 'eee@dff.kkk', 'На сайте добавлена новая статья: "ыцукен".', 'Новая статья: ыцукен, Краткое описание статьи: кенг', '\\diplom-2-oop\\article\\121', '\\diplom-2-oop\\unsubscribe', '2022-07-13 13:24:41'),
	(407, 'qq@ss.kk', 'На сайте добавлена новая статья: "ыцукен".', 'Новая статья: ыцукен, Краткое описание статьи: кенг', '\\diplom-2-oop\\article\\121', '\\diplom-2-oop\\unsubscribe', '2022-07-13 13:24:41'),
	(408, 'ee@dd.jj', 'На сайте добавлена новая статья: "ыцукен".', 'Новая статья: ыцукен, Краткое описание статьи: кенг', '\\diplom-2-oop\\article\\121', '\\diplom-2-oop\\unsubscribe', '2022-07-13 13:24:41'),
	(409, 'zz@s.kk', 'На сайте добавлена новая статья: "ыцукен".', 'Новая статья: ыцукен, Краткое описание статьи: кенг', '\\diplom-2-oop\\article\\121', '\\diplom-2-oop\\unsubscribe', '2022-07-13 13:24:41'),
	(410, 'sxd@dd.kkk', 'На сайте добавлена новая статья: "ыцукен".', 'Новая статья: ыцукен, Краткое описание статьи: кенг', '\\diplom-2-oop\\article\\121', '\\diplom-2-oop\\unsubscribe', '2022-07-13 13:24:41'),
	(411, 'lll@fff.jj', 'На сайте добавлена новая статья: "ыцукен".', 'Новая статья: ыцукен, Краткое описание статьи: кенг', '\\diplom-2-oop\\article\\121', '\\diplom-2-oop\\unsubscribe', '2022-07-13 13:24:41'),
	(412, 'aa@sb.jj', 'На сайте добавлена новая статья: "ыцукен".', 'Новая статья: ыцукен, Краткое описание статьи: кенг', '\\diplom-2-oop\\article\\121', '\\diplom-2-oop\\unsubscribe', '2022-07-13 13:24:41'),
	(413, 'sdrrgtstg@fgh.jkj', 'На сайте добавлена новая статья: "ыцукен".', 'Новая статья: ыцукен, Краткое описание статьи: кенг', '\\diplom-2-oop\\article\\121', '\\diplom-2-oop\\unsubscribe', '2022-07-13 13:24:41'),
	(414, 'sdd@dd.kk', 'На сайте добавлена новая статья: "ыцукен".', 'Новая статья: ыцукен, Краткое описание статьи: кенг', '\\diplom-2-oop\\article\\121', '\\diplom-2-oop\\unsubscribe', '2022-07-13 13:24:41'),
	(415, 'sdd@dd.mm', 'На сайте добавлена новая статья: "ыцукен".', 'Новая статья: ыцукен, Краткое описание статьи: кенг', '\\diplom-2-oop\\article\\121', '\\diplom-2-oop\\unsubscribe', '2022-07-13 13:24:41'),
	(416, 'jjj@ddd.ru', 'На сайте добавлена новая статья: "mail1".', 'Новая статья: mail1, Краткое описание статьи: 333', '\\diplom-2-oop\\article\\122', '\\diplom-2-oop\\unsubscribe', '2022-07-13 13:53:06'),
	(417, 'irena@mail.ru', 'На сайте добавлена новая статья: "mail1".', 'Новая статья: mail1, Краткое описание статьи: 333', '\\diplom-2-oop\\article\\122', '\\diplom-2-oop\\unsubscribe', '2022-07-13 13:53:06'),
	(418, 'yu-12@mail.ru', 'На сайте добавлена новая статья: "mail1".', 'Новая статья: mail1, Краткое описание статьи: 333', '\\diplom-2-oop\\article\\122', '\\diplom-2-oop\\unsubscribe', '2022-07-13 13:53:06'),
	(419, 'nici@xc.ry', 'На сайте добавлена новая статья: "mail1".', 'Новая статья: mail1, Краткое описание статьи: 333', '\\diplom-2-oop\\article\\122', '\\diplom-2-oop\\unsubscribe', '2022-07-13 13:53:06'),
	(420, 'ee@gg.kk', 'На сайте добавлена новая статья: "mail1".', 'Новая статья: mail1, Краткое описание статьи: 333', '\\diplom-2-oop\\article\\122', '\\diplom-2-oop\\unsubscribe', '2022-07-13 13:53:06'),
	(421, 'rr@ff.kk', 'На сайте добавлена новая статья: "mail1".', 'Новая статья: mail1, Краткое описание статьи: 333', '\\diplom-2-oop\\article\\122', '\\diplom-2-oop\\unsubscribe', '2022-07-13 13:53:06'),
	(422, 'qq@ww.uu', 'На сайте добавлена новая статья: "mail1".', 'Новая статья: mail1, Краткое описание статьи: 333', '\\diplom-2-oop\\article\\122', '\\diplom-2-oop\\unsubscribe', '2022-07-13 13:53:06'),
	(423, 'eee@dff.kkk', 'На сайте добавлена новая статья: "mail1".', 'Новая статья: mail1, Краткое описание статьи: 333', '\\diplom-2-oop\\article\\122', '\\diplom-2-oop\\unsubscribe', '2022-07-13 13:53:06'),
	(424, 'qq@ss.kk', 'На сайте добавлена новая статья: "mail1".', 'Новая статья: mail1, Краткое описание статьи: 333', '\\diplom-2-oop\\article\\122', '\\diplom-2-oop\\unsubscribe', '2022-07-13 13:53:06'),
	(425, 'ee@dd.jj', 'На сайте добавлена новая статья: "mail1".', 'Новая статья: mail1, Краткое описание статьи: 333', '\\diplom-2-oop\\article\\122', '\\diplom-2-oop\\unsubscribe', '2022-07-13 13:53:06'),
	(426, 'zz@s.kk', 'На сайте добавлена новая статья: "mail1".', 'Новая статья: mail1, Краткое описание статьи: 333', '\\diplom-2-oop\\article\\122', '\\diplom-2-oop\\unsubscribe', '2022-07-13 13:53:06'),
	(427, 'sxd@dd.kkk', 'На сайте добавлена новая статья: "mail1".', 'Новая статья: mail1, Краткое описание статьи: 333', '\\diplom-2-oop\\article\\122', '\\diplom-2-oop\\unsubscribe', '2022-07-13 13:53:06'),
	(428, 'lll@fff.jj', 'На сайте добавлена новая статья: "mail1".', 'Новая статья: mail1, Краткое описание статьи: 333', '\\diplom-2-oop\\article\\122', '\\diplom-2-oop\\unsubscribe', '2022-07-13 13:53:06'),
	(429, 'aa@sb.jj', 'На сайте добавлена новая статья: "mail1".', 'Новая статья: mail1, Краткое описание статьи: 333', '\\diplom-2-oop\\article\\122', '\\diplom-2-oop\\unsubscribe', '2022-07-13 13:53:06'),
	(430, 'sdrrgtstg@fgh.jkj', 'На сайте добавлена новая статья: "mail1".', 'Новая статья: mail1, Краткое описание статьи: 333', '\\diplom-2-oop\\article\\122', '\\diplom-2-oop\\unsubscribe', '2022-07-13 13:53:06'),
	(431, 'sdd@dd.kk', 'На сайте добавлена новая статья: "mail1".', 'Новая статья: mail1, Краткое описание статьи: 333', '\\diplom-2-oop\\article\\122', '\\diplom-2-oop\\unsubscribe', '2022-07-13 13:53:06'),
	(432, 'sdd@dd.mm', 'На сайте добавлена новая статья: "mail1".', 'Новая статья: mail1, Краткое описание статьи: 333', '\\diplom-2-oop\\article\\122', '\\diplom-2-oop\\unsubscribe', '2022-07-13 13:53:06'),
	(433, 'jjj@ddd.ru', 'На сайте добавлена новая статья: "mail2".', 'Новая статья: mail2, <br>Краткое описание статьи: rtyh', '\\diplom-2-oop\\article\\123', '\\diplom-2-oop\\unsubscribe', '2022-07-13 13:58:20'),
	(434, 'irena@mail.ru', 'На сайте добавлена новая статья: "mail2".', 'Новая статья: mail2, <br>Краткое описание статьи: rtyh', '\\diplom-2-oop\\article\\123', '\\diplom-2-oop\\unsubscribe', '2022-07-13 13:58:20'),
	(435, 'yu-12@mail.ru', 'На сайте добавлена новая статья: "mail2".', 'Новая статья: mail2, <br>Краткое описание статьи: rtyh', '\\diplom-2-oop\\article\\123', '\\diplom-2-oop\\unsubscribe', '2022-07-13 13:58:20'),
	(436, 'nici@xc.ry', 'На сайте добавлена новая статья: "mail2".', 'Новая статья: mail2, <br>Краткое описание статьи: rtyh', '\\diplom-2-oop\\article\\123', '\\diplom-2-oop\\unsubscribe', '2022-07-13 13:58:20'),
	(437, 'ee@gg.kk', 'На сайте добавлена новая статья: "mail2".', 'Новая статья: mail2, <br>Краткое описание статьи: rtyh', '\\diplom-2-oop\\article\\123', '\\diplom-2-oop\\unsubscribe', '2022-07-13 13:58:20'),
	(438, 'rr@ff.kk', 'На сайте добавлена новая статья: "mail2".', 'Новая статья: mail2, <br>Краткое описание статьи: rtyh', '\\diplom-2-oop\\article\\123', '\\diplom-2-oop\\unsubscribe', '2022-07-13 13:58:20'),
	(439, 'qq@ww.uu', 'На сайте добавлена новая статья: "mail2".', 'Новая статья: mail2, <br>Краткое описание статьи: rtyh', '\\diplom-2-oop\\article\\123', '\\diplom-2-oop\\unsubscribe', '2022-07-13 13:58:20'),
	(440, 'eee@dff.kkk', 'На сайте добавлена новая статья: "mail2".', 'Новая статья: mail2, <br>Краткое описание статьи: rtyh', '\\diplom-2-oop\\article\\123', '\\diplom-2-oop\\unsubscribe', '2022-07-13 13:58:20'),
	(441, 'qq@ss.kk', 'На сайте добавлена новая статья: "mail2".', 'Новая статья: mail2, <br>Краткое описание статьи: rtyh', '\\diplom-2-oop\\article\\123', '\\diplom-2-oop\\unsubscribe', '2022-07-13 13:58:20'),
	(442, 'ee@dd.jj', 'На сайте добавлена новая статья: "mail2".', 'Новая статья: mail2, <br>Краткое описание статьи: rtyh', '\\diplom-2-oop\\article\\123', '\\diplom-2-oop\\unsubscribe', '2022-07-13 13:58:20'),
	(443, 'zz@s.kk', 'На сайте добавлена новая статья: "mail2".', 'Новая статья: mail2, <br>Краткое описание статьи: rtyh', '\\diplom-2-oop\\article\\123', '\\diplom-2-oop\\unsubscribe', '2022-07-13 13:58:20'),
	(444, 'sxd@dd.kkk', 'На сайте добавлена новая статья: "mail2".', 'Новая статья: mail2, <br>Краткое описание статьи: rtyh', '\\diplom-2-oop\\article\\123', '\\diplom-2-oop\\unsubscribe', '2022-07-13 13:58:20'),
	(445, 'lll@fff.jj', 'На сайте добавлена новая статья: "mail2".', 'Новая статья: mail2, <br>Краткое описание статьи: rtyh', '\\diplom-2-oop\\article\\123', '\\diplom-2-oop\\unsubscribe', '2022-07-13 13:58:20'),
	(446, 'aa@sb.jj', 'На сайте добавлена новая статья: "mail2".', 'Новая статья: mail2, <br>Краткое описание статьи: rtyh', '\\diplom-2-oop\\article\\123', '\\diplom-2-oop\\unsubscribe', '2022-07-13 13:58:20'),
	(447, 'sdrrgtstg@fgh.jkj', 'На сайте добавлена новая статья: "mail2".', 'Новая статья: mail2, <br>Краткое описание статьи: rtyh', '\\diplom-2-oop\\article\\123', '\\diplom-2-oop\\unsubscribe', '2022-07-13 13:58:20'),
	(448, 'sdd@dd.kk', 'На сайте добавлена новая статья: "mail2".', 'Новая статья: mail2, <br>Краткое описание статьи: rtyh', '\\diplom-2-oop\\article\\123', '\\diplom-2-oop\\unsubscribe', '2022-07-13 13:58:20'),
	(449, 'sdd@dd.mm', 'На сайте добавлена новая статья: "mail2".', 'Новая статья: mail2, <br>Краткое описание статьи: rtyh', '\\diplom-2-oop\\article\\123', '\\diplom-2-oop\\unsubscribe', '2022-07-13 13:58:20'),
	(450, 'jjj@ddd.ru', 'На сайте добавлена новая статья: "mail3".', 'Новая статья: mail3, <br>Краткое описание статьи: fghj', '\\diplom-2-oop\\article\\124', '\\diplom-2-oop\\unsubscribe', '2022-07-13 14:01:09'),
	(451, 'irena@mail.ru', 'На сайте добавлена новая статья: "mail3".', 'Новая статья: mail3, <br>Краткое описание статьи: fghj', '\\diplom-2-oop\\article\\124', '\\diplom-2-oop\\unsubscribe', '2022-07-13 14:01:09'),
	(452, 'yu-12@mail.ru', 'На сайте добавлена новая статья: "mail3".', 'Новая статья: mail3, <br>Краткое описание статьи: fghj', '\\diplom-2-oop\\article\\124', '\\diplom-2-oop\\unsubscribe', '2022-07-13 14:01:09'),
	(453, 'nici@xc.ry', 'На сайте добавлена новая статья: "mail3".', 'Новая статья: mail3, <br>Краткое описание статьи: fghj', '\\diplom-2-oop\\article\\124', '\\diplom-2-oop\\unsubscribe', '2022-07-13 14:01:09'),
	(454, 'ee@gg.kk', 'На сайте добавлена новая статья: "mail3".', 'Новая статья: mail3, <br>Краткое описание статьи: fghj', '\\diplom-2-oop\\article\\124', '\\diplom-2-oop\\unsubscribe', '2022-07-13 14:01:09'),
	(455, 'rr@ff.kk', 'На сайте добавлена новая статья: "mail3".', 'Новая статья: mail3, <br>Краткое описание статьи: fghj', '\\diplom-2-oop\\article\\124', '\\diplom-2-oop\\unsubscribe', '2022-07-13 14:01:09'),
	(456, 'qq@ww.uu', 'На сайте добавлена новая статья: "mail3".', 'Новая статья: mail3, <br>Краткое описание статьи: fghj', '\\diplom-2-oop\\article\\124', '\\diplom-2-oop\\unsubscribe', '2022-07-13 14:01:09'),
	(457, 'eee@dff.kkk', 'На сайте добавлена новая статья: "mail3".', 'Новая статья: mail3, <br>Краткое описание статьи: fghj', '\\diplom-2-oop\\article\\124', '\\diplom-2-oop\\unsubscribe', '2022-07-13 14:01:09'),
	(458, 'qq@ss.kk', 'На сайте добавлена новая статья: "mail3".', 'Новая статья: mail3, <br>Краткое описание статьи: fghj', '\\diplom-2-oop\\article\\124', '\\diplom-2-oop\\unsubscribe', '2022-07-13 14:01:09'),
	(459, 'ee@dd.jj', 'На сайте добавлена новая статья: "mail3".', 'Новая статья: mail3, <br>Краткое описание статьи: fghj', '\\diplom-2-oop\\article\\124', '\\diplom-2-oop\\unsubscribe', '2022-07-13 14:01:09'),
	(460, 'zz@s.kk', 'На сайте добавлена новая статья: "mail3".', 'Новая статья: mail3, <br>Краткое описание статьи: fghj', '\\diplom-2-oop\\article\\124', '\\diplom-2-oop\\unsubscribe', '2022-07-13 14:01:09'),
	(461, 'sxd@dd.kkk', 'На сайте добавлена новая статья: "mail3".', 'Новая статья: mail3, <br>Краткое описание статьи: fghj', '\\diplom-2-oop\\article\\124', '\\diplom-2-oop\\unsubscribe', '2022-07-13 14:01:09'),
	(462, 'lll@fff.jj', 'На сайте добавлена новая статья: "mail3".', 'Новая статья: mail3, <br>Краткое описание статьи: fghj', '\\diplom-2-oop\\article\\124', '\\diplom-2-oop\\unsubscribe', '2022-07-13 14:01:09'),
	(463, 'aa@sb.jj', 'На сайте добавлена новая статья: "mail3".', 'Новая статья: mail3, <br>Краткое описание статьи: fghj', '\\diplom-2-oop\\article\\124', '\\diplom-2-oop\\unsubscribe', '2022-07-13 14:01:09'),
	(464, 'sdrrgtstg@fgh.jkj', 'На сайте добавлена новая статья: "mail3".', 'Новая статья: mail3, <br>Краткое описание статьи: fghj', '\\diplom-2-oop\\article\\124', '\\diplom-2-oop\\unsubscribe', '2022-07-13 14:01:09'),
	(465, 'sdd@dd.kk', 'На сайте добавлена новая статья: "mail3".', 'Новая статья: mail3, <br>Краткое описание статьи: fghj', '\\diplom-2-oop\\article\\124', '\\diplom-2-oop\\unsubscribe', '2022-07-13 14:01:09'),
	(466, 'sdd@dd.mm', 'На сайте добавлена новая статья: "mail3".', 'Новая статья: mail3, <br>Краткое описание статьи: fghj', '\\diplom-2-oop\\article\\124', '\\diplom-2-oop\\unsubscribe', '2022-07-13 14:01:09'),
	(467, 'jjj@ddd.ru', 'На сайте добавлена новая статья: "mail4".', 'Новая статья: mail4, <br>Краткое описание статьи: descr4', '\\diplom-2-oop\\article\\125', '\\diplom-2-oop\\unsubscribe', '2022-07-13 14:06:13'),
	(468, 'irena@mail.ru', 'На сайте добавлена новая статья: "mail4".', 'Новая статья: mail4, <br>Краткое описание статьи: descr4', '\\diplom-2-oop\\article\\125', '\\diplom-2-oop\\unsubscribe', '2022-07-13 14:06:13'),
	(469, 'yu-12@mail.ru', 'На сайте добавлена новая статья: "mail4".', 'Новая статья: mail4, <br>Краткое описание статьи: descr4', '\\diplom-2-oop\\article\\125', '\\diplom-2-oop\\unsubscribe', '2022-07-13 14:06:13'),
	(470, 'nici@xc.ry', 'На сайте добавлена новая статья: "mail4".', 'Новая статья: mail4, <br>Краткое описание статьи: descr4', '\\diplom-2-oop\\article\\125', '\\diplom-2-oop\\unsubscribe', '2022-07-13 14:06:13'),
	(471, 'ee@gg.kk', 'На сайте добавлена новая статья: "mail4".', 'Новая статья: mail4, <br>Краткое описание статьи: descr4', '\\diplom-2-oop\\article\\125', '\\diplom-2-oop\\unsubscribe', '2022-07-13 14:06:13'),
	(472, 'rr@ff.kk', 'На сайте добавлена новая статья: "mail4".', 'Новая статья: mail4, <br>Краткое описание статьи: descr4', '\\diplom-2-oop\\article\\125', '\\diplom-2-oop\\unsubscribe', '2022-07-13 14:06:13'),
	(473, 'qq@ww.uu', 'На сайте добавлена новая статья: "mail4".', 'Новая статья: mail4, <br>Краткое описание статьи: descr4', '\\diplom-2-oop\\article\\125', '\\diplom-2-oop\\unsubscribe', '2022-07-13 14:06:13'),
	(474, 'eee@dff.kkk', 'На сайте добавлена новая статья: "mail4".', 'Новая статья: mail4, <br>Краткое описание статьи: descr4', '\\diplom-2-oop\\article\\125', '\\diplom-2-oop\\unsubscribe', '2022-07-13 14:06:13'),
	(475, 'qq@ss.kk', 'На сайте добавлена новая статья: "mail4".', 'Новая статья: mail4, <br>Краткое описание статьи: descr4', '\\diplom-2-oop\\article\\125', '\\diplom-2-oop\\unsubscribe', '2022-07-13 14:06:13'),
	(476, 'ee@dd.jj', 'На сайте добавлена новая статья: "mail4".', 'Новая статья: mail4, <br>Краткое описание статьи: descr4', '\\diplom-2-oop\\article\\125', '\\diplom-2-oop\\unsubscribe', '2022-07-13 14:06:13'),
	(477, 'zz@s.kk', 'На сайте добавлена новая статья: "mail4".', 'Новая статья: mail4, <br>Краткое описание статьи: descr4', '\\diplom-2-oop\\article\\125', '\\diplom-2-oop\\unsubscribe', '2022-07-13 14:06:13'),
	(478, 'sxd@dd.kkk', 'На сайте добавлена новая статья: "mail4".', 'Новая статья: mail4, <br>Краткое описание статьи: descr4', '\\diplom-2-oop\\article\\125', '\\diplom-2-oop\\unsubscribe', '2022-07-13 14:06:13'),
	(479, 'lll@fff.jj', 'На сайте добавлена новая статья: "mail4".', 'Новая статья: mail4, <br>Краткое описание статьи: descr4', '\\diplom-2-oop\\article\\125', '\\diplom-2-oop\\unsubscribe', '2022-07-13 14:06:13'),
	(480, 'aa@sb.jj', 'На сайте добавлена новая статья: "mail4".', 'Новая статья: mail4, <br>Краткое описание статьи: descr4', '\\diplom-2-oop\\article\\125', '\\diplom-2-oop\\unsubscribe', '2022-07-13 14:06:13'),
	(481, 'sdrrgtstg@fgh.jkj', 'На сайте добавлена новая статья: "mail4".', 'Новая статья: mail4, <br>Краткое описание статьи: descr4', '\\diplom-2-oop\\article\\125', '\\diplom-2-oop\\unsubscribe', '2022-07-13 14:06:13'),
	(482, 'sdd@dd.kk', 'На сайте добавлена новая статья: "mail4".', 'Новая статья: mail4, <br>Краткое описание статьи: descr4', '\\diplom-2-oop\\article\\125', '\\diplom-2-oop\\unsubscribe', '2022-07-13 14:06:13'),
	(483, 'sdd@dd.mm', 'На сайте добавлена новая статья: "mail4".', 'Новая статья: mail4, <br>Краткое описание статьи: descr4', '\\diplom-2-oop\\article\\125', '\\diplom-2-oop\\unsubscribe', '2022-07-13 14:06:13'),
	(484, 'jjj@ddd.ru', 'На сайте добавлена новая статья: "mail4".', 'Новая статья: mail4, <br>Краткое описание статьи: descr4', '\\diplom-2-oop\\article\\126', '\\diplom-2-oop\\unsubscribe', '2022-07-13 14:06:19'),
	(485, 'irena@mail.ru', 'На сайте добавлена новая статья: "mail4".', 'Новая статья: mail4, <br>Краткое описание статьи: descr4', '\\diplom-2-oop\\article\\126', '\\diplom-2-oop\\unsubscribe', '2022-07-13 14:06:19'),
	(486, 'yu-12@mail.ru', 'На сайте добавлена новая статья: "mail4".', 'Новая статья: mail4, <br>Краткое описание статьи: descr4', '\\diplom-2-oop\\article\\126', '\\diplom-2-oop\\unsubscribe', '2022-07-13 14:06:19'),
	(487, 'nici@xc.ry', 'На сайте добавлена новая статья: "mail4".', 'Новая статья: mail4, <br>Краткое описание статьи: descr4', '\\diplom-2-oop\\article\\126', '\\diplom-2-oop\\unsubscribe', '2022-07-13 14:06:19'),
	(488, 'ee@gg.kk', 'На сайте добавлена новая статья: "mail4".', 'Новая статья: mail4, <br>Краткое описание статьи: descr4', '\\diplom-2-oop\\article\\126', '\\diplom-2-oop\\unsubscribe', '2022-07-13 14:06:19'),
	(489, 'rr@ff.kk', 'На сайте добавлена новая статья: "mail4".', 'Новая статья: mail4, <br>Краткое описание статьи: descr4', '\\diplom-2-oop\\article\\126', '\\diplom-2-oop\\unsubscribe', '2022-07-13 14:06:19'),
	(490, 'qq@ww.uu', 'На сайте добавлена новая статья: "mail4".', 'Новая статья: mail4, <br>Краткое описание статьи: descr4', '\\diplom-2-oop\\article\\126', '\\diplom-2-oop\\unsubscribe', '2022-07-13 14:06:19'),
	(491, 'eee@dff.kkk', 'На сайте добавлена новая статья: "mail4".', 'Новая статья: mail4, <br>Краткое описание статьи: descr4', '\\diplom-2-oop\\article\\126', '\\diplom-2-oop\\unsubscribe', '2022-07-13 14:06:19'),
	(492, 'qq@ss.kk', 'На сайте добавлена новая статья: "mail4".', 'Новая статья: mail4, <br>Краткое описание статьи: descr4', '\\diplom-2-oop\\article\\126', '\\diplom-2-oop\\unsubscribe', '2022-07-13 14:06:19'),
	(493, 'ee@dd.jj', 'На сайте добавлена новая статья: "mail4".', 'Новая статья: mail4, <br>Краткое описание статьи: descr4', '\\diplom-2-oop\\article\\126', '\\diplom-2-oop\\unsubscribe', '2022-07-13 14:06:19'),
	(494, 'zz@s.kk', 'На сайте добавлена новая статья: "mail4".', 'Новая статья: mail4, <br>Краткое описание статьи: descr4', '\\diplom-2-oop\\article\\126', '\\diplom-2-oop\\unsubscribe', '2022-07-13 14:06:19'),
	(495, 'sxd@dd.kkk', 'На сайте добавлена новая статья: "mail4".', 'Новая статья: mail4, <br>Краткое описание статьи: descr4', '\\diplom-2-oop\\article\\126', '\\diplom-2-oop\\unsubscribe', '2022-07-13 14:06:19'),
	(496, 'lll@fff.jj', 'На сайте добавлена новая статья: "mail4".', 'Новая статья: mail4, <br>Краткое описание статьи: descr4', '\\diplom-2-oop\\article\\126', '\\diplom-2-oop\\unsubscribe', '2022-07-13 14:06:19'),
	(497, 'aa@sb.jj', 'На сайте добавлена новая статья: "mail4".', 'Новая статья: mail4, <br>Краткое описание статьи: descr4', '\\diplom-2-oop\\article\\126', '\\diplom-2-oop\\unsubscribe', '2022-07-13 14:06:19'),
	(498, 'sdrrgtstg@fgh.jkj', 'На сайте добавлена новая статья: "mail4".', 'Новая статья: mail4, <br>Краткое описание статьи: descr4', '\\diplom-2-oop\\article\\126', '\\diplom-2-oop\\unsubscribe', '2022-07-13 14:06:19'),
	(499, 'sdd@dd.kk', 'На сайте добавлена новая статья: "mail4".', 'Новая статья: mail4, <br>Краткое описание статьи: descr4', '\\diplom-2-oop\\article\\126', '\\diplom-2-oop\\unsubscribe', '2022-07-13 14:06:19'),
	(500, 'sdd@dd.mm', 'На сайте добавлена новая статья: "mail4".', 'Новая статья: mail4, <br>Краткое описание статьи: descr4', '\\diplom-2-oop\\article\\126', '\\diplom-2-oop\\unsubscribe', '2022-07-13 14:06:19'),
	(501, 'jjj@ddd.ru', 'На сайте добавлена новая статья: "mail4".', 'Новая статья: mail4, <br>Краткое описание статьи: descr4', '\\diplom-2-oop\\article\\127', '\\diplom-2-oop\\unsubscribe', '2022-07-13 14:07:19'),
	(502, 'irena@mail.ru', 'На сайте добавлена новая статья: "mail4".', 'Новая статья: mail4, <br>Краткое описание статьи: descr4', '\\diplom-2-oop\\article\\127', '\\diplom-2-oop\\unsubscribe', '2022-07-13 14:07:19'),
	(503, 'yu-12@mail.ru', 'На сайте добавлена новая статья: "mail4".', 'Новая статья: mail4, <br>Краткое описание статьи: descr4', '\\diplom-2-oop\\article\\127', '\\diplom-2-oop\\unsubscribe', '2022-07-13 14:07:19'),
	(504, 'nici@xc.ry', 'На сайте добавлена новая статья: "mail4".', 'Новая статья: mail4, <br>Краткое описание статьи: descr4', '\\diplom-2-oop\\article\\127', '\\diplom-2-oop\\unsubscribe', '2022-07-13 14:07:19'),
	(505, 'ee@gg.kk', 'На сайте добавлена новая статья: "mail4".', 'Новая статья: mail4, <br>Краткое описание статьи: descr4', '\\diplom-2-oop\\article\\127', '\\diplom-2-oop\\unsubscribe', '2022-07-13 14:07:19'),
	(506, 'rr@ff.kk', 'На сайте добавлена новая статья: "mail4".', 'Новая статья: mail4, <br>Краткое описание статьи: descr4', '\\diplom-2-oop\\article\\127', '\\diplom-2-oop\\unsubscribe', '2022-07-13 14:07:19'),
	(507, 'qq@ww.uu', 'На сайте добавлена новая статья: "mail4".', 'Новая статья: mail4, <br>Краткое описание статьи: descr4', '\\diplom-2-oop\\article\\127', '\\diplom-2-oop\\unsubscribe', '2022-07-13 14:07:19'),
	(508, 'eee@dff.kkk', 'На сайте добавлена новая статья: "mail4".', 'Новая статья: mail4, <br>Краткое описание статьи: descr4', '\\diplom-2-oop\\article\\127', '\\diplom-2-oop\\unsubscribe', '2022-07-13 14:07:19'),
	(509, 'qq@ss.kk', 'На сайте добавлена новая статья: "mail4".', 'Новая статья: mail4, <br>Краткое описание статьи: descr4', '\\diplom-2-oop\\article\\127', '\\diplom-2-oop\\unsubscribe', '2022-07-13 14:07:19'),
	(510, 'ee@dd.jj', 'На сайте добавлена новая статья: "mail4".', 'Новая статья: mail4, <br>Краткое описание статьи: descr4', '\\diplom-2-oop\\article\\127', '\\diplom-2-oop\\unsubscribe', '2022-07-13 14:07:19'),
	(511, 'zz@s.kk', 'На сайте добавлена новая статья: "mail4".', 'Новая статья: mail4, <br>Краткое описание статьи: descr4', '\\diplom-2-oop\\article\\127', '\\diplom-2-oop\\unsubscribe', '2022-07-13 14:07:19'),
	(512, 'sxd@dd.kkk', 'На сайте добавлена новая статья: "mail4".', 'Новая статья: mail4, <br>Краткое описание статьи: descr4', '\\diplom-2-oop\\article\\127', '\\diplom-2-oop\\unsubscribe', '2022-07-13 14:07:19'),
	(513, 'lll@fff.jj', 'На сайте добавлена новая статья: "mail4".', 'Новая статья: mail4, <br>Краткое описание статьи: descr4', '\\diplom-2-oop\\article\\127', '\\diplom-2-oop\\unsubscribe', '2022-07-13 14:07:19'),
	(514, 'aa@sb.jj', 'На сайте добавлена новая статья: "mail4".', 'Новая статья: mail4, <br>Краткое описание статьи: descr4', '\\diplom-2-oop\\article\\127', '\\diplom-2-oop\\unsubscribe', '2022-07-13 14:07:19'),
	(515, 'sdrrgtstg@fgh.jkj', 'На сайте добавлена новая статья: "mail4".', 'Новая статья: mail4, <br>Краткое описание статьи: descr4', '\\diplom-2-oop\\article\\127', '\\diplom-2-oop\\unsubscribe', '2022-07-13 14:07:19'),
	(516, 'sdd@dd.kk', 'На сайте добавлена новая статья: "mail4".', 'Новая статья: mail4, <br>Краткое описание статьи: descr4', '\\diplom-2-oop\\article\\127', '\\diplom-2-oop\\unsubscribe', '2022-07-13 14:07:19'),
	(517, 'sdd@dd.mm', 'На сайте добавлена новая статья: "mail4".', 'Новая статья: mail4, <br>Краткое описание статьи: descr4', '\\diplom-2-oop\\article\\127', '\\diplom-2-oop\\unsubscribe', '2022-07-13 14:07:19'),
	(518, 'jjj@ddd.ru', 'На сайте добавлена новая статья: "mail5".', 'Новая статья: mail5, <br>Краткое описание статьи: rrr5', '\\diplom-2-oop\\article\\128', '\\diplom-2-oop\\unsubscribe', '2022-07-13 14:16:54'),
	(519, 'irena@mail.ru', 'На сайте добавлена новая статья: "mail5".', 'Новая статья: mail5, <br>Краткое описание статьи: rrr5', '\\diplom-2-oop\\article\\128', '\\diplom-2-oop\\unsubscribe', '2022-07-13 14:16:54'),
	(520, 'yu-12@mail.ru', 'На сайте добавлена новая статья: "mail5".', 'Новая статья: mail5, <br>Краткое описание статьи: rrr5', '\\diplom-2-oop\\article\\128', '\\diplom-2-oop\\unsubscribe', '2022-07-13 14:16:54'),
	(521, 'nici@xc.ry', 'На сайте добавлена новая статья: "mail5".', 'Новая статья: mail5, <br>Краткое описание статьи: rrr5', '\\diplom-2-oop\\article\\128', '\\diplom-2-oop\\unsubscribe', '2022-07-13 14:16:54'),
	(522, 'ee@gg.kk', 'На сайте добавлена новая статья: "mail5".', 'Новая статья: mail5, <br>Краткое описание статьи: rrr5', '\\diplom-2-oop\\article\\128', '\\diplom-2-oop\\unsubscribe', '2022-07-13 14:16:54'),
	(523, 'rr@ff.kk', 'На сайте добавлена новая статья: "mail5".', 'Новая статья: mail5, <br>Краткое описание статьи: rrr5', '\\diplom-2-oop\\article\\128', '\\diplom-2-oop\\unsubscribe', '2022-07-13 14:16:54'),
	(524, 'qq@ww.uu', 'На сайте добавлена новая статья: "mail5".', 'Новая статья: mail5, <br>Краткое описание статьи: rrr5', '\\diplom-2-oop\\article\\128', '\\diplom-2-oop\\unsubscribe', '2022-07-13 14:16:54'),
	(525, 'eee@dff.kkk', 'На сайте добавлена новая статья: "mail5".', 'Новая статья: mail5, <br>Краткое описание статьи: rrr5', '\\diplom-2-oop\\article\\128', '\\diplom-2-oop\\unsubscribe', '2022-07-13 14:16:54'),
	(526, 'qq@ss.kk', 'На сайте добавлена новая статья: "mail5".', 'Новая статья: mail5, <br>Краткое описание статьи: rrr5', '\\diplom-2-oop\\article\\128', '\\diplom-2-oop\\unsubscribe', '2022-07-13 14:16:54'),
	(527, 'ee@dd.jj', 'На сайте добавлена новая статья: "mail5".', 'Новая статья: mail5, <br>Краткое описание статьи: rrr5', '\\diplom-2-oop\\article\\128', '\\diplom-2-oop\\unsubscribe', '2022-07-13 14:16:54'),
	(528, 'zz@s.kk', 'На сайте добавлена новая статья: "mail5".', 'Новая статья: mail5, <br>Краткое описание статьи: rrr5', '\\diplom-2-oop\\article\\128', '\\diplom-2-oop\\unsubscribe', '2022-07-13 14:16:54'),
	(529, 'sxd@dd.kkk', 'На сайте добавлена новая статья: "mail5".', 'Новая статья: mail5, <br>Краткое описание статьи: rrr5', '\\diplom-2-oop\\article\\128', '\\diplom-2-oop\\unsubscribe', '2022-07-13 14:16:54'),
	(530, 'lll@fff.jj', 'На сайте добавлена новая статья: "mail5".', 'Новая статья: mail5, <br>Краткое описание статьи: rrr5', '\\diplom-2-oop\\article\\128', '\\diplom-2-oop\\unsubscribe', '2022-07-13 14:16:54'),
	(531, 'aa@sb.jj', 'На сайте добавлена новая статья: "mail5".', 'Новая статья: mail5, <br>Краткое описание статьи: rrr5', '\\diplom-2-oop\\article\\128', '\\diplom-2-oop\\unsubscribe', '2022-07-13 14:16:54'),
	(532, 'sdrrgtstg@fgh.jkj', 'На сайте добавлена новая статья: "mail5".', 'Новая статья: mail5, <br>Краткое описание статьи: rrr5', '\\diplom-2-oop\\article\\128', '\\diplom-2-oop\\unsubscribe', '2022-07-13 14:16:54'),
	(533, 'sdd@dd.kk', 'На сайте добавлена новая статья: "mail5".', 'Новая статья: mail5, <br>Краткое описание статьи: rrr5', '\\diplom-2-oop\\article\\128', '\\diplom-2-oop\\unsubscribe', '2022-07-13 14:16:54'),
	(534, 'sdd@dd.mm', 'На сайте добавлена новая статья: "mail5".', 'Новая статья: mail5, <br>Краткое описание статьи: rrr5', '\\diplom-2-oop\\article\\128', '\\diplom-2-oop\\unsubscribe', '2022-07-13 14:16:54'),
	(535, 'jjj@ddd.ru', 'На сайте добавлена новая статья: "mail6".', 'Новая статья: mail6, <br>Краткое описание статьи: fg6', '\\diplom-2-oop\\article\\129', '\\diplom-2-oop\\unsubscribe', '2022-07-13 14:26:45'),
	(536, 'irena@mail.ru', 'На сайте добавлена новая статья: "mail6".', 'Новая статья: mail6, <br>Краткое описание статьи: fg6', '\\diplom-2-oop\\article\\129', '\\diplom-2-oop\\unsubscribe', '2022-07-13 14:26:45'),
	(537, 'yu-12@mail.ru', 'На сайте добавлена новая статья: "mail6".', 'Новая статья: mail6, <br>Краткое описание статьи: fg6', '\\diplom-2-oop\\article\\129', '\\diplom-2-oop\\unsubscribe', '2022-07-13 14:26:45'),
	(538, 'nici@xc.ry', 'На сайте добавлена новая статья: "mail6".', 'Новая статья: mail6, <br>Краткое описание статьи: fg6', '\\diplom-2-oop\\article\\129', '\\diplom-2-oop\\unsubscribe', '2022-07-13 14:26:45'),
	(539, 'ee@gg.kk', 'На сайте добавлена новая статья: "mail6".', 'Новая статья: mail6, <br>Краткое описание статьи: fg6', '\\diplom-2-oop\\article\\129', '\\diplom-2-oop\\unsubscribe', '2022-07-13 14:26:45'),
	(540, 'rr@ff.kk', 'На сайте добавлена новая статья: "mail6".', 'Новая статья: mail6, <br>Краткое описание статьи: fg6', '\\diplom-2-oop\\article\\129', '\\diplom-2-oop\\unsubscribe', '2022-07-13 14:26:45'),
	(541, 'qq@ww.uu', 'На сайте добавлена новая статья: "mail6".', 'Новая статья: mail6, <br>Краткое описание статьи: fg6', '\\diplom-2-oop\\article\\129', '\\diplom-2-oop\\unsubscribe', '2022-07-13 14:26:45'),
	(542, 'eee@dff.kkk', 'На сайте добавлена новая статья: "mail6".', 'Новая статья: mail6, <br>Краткое описание статьи: fg6', '\\diplom-2-oop\\article\\129', '\\diplom-2-oop\\unsubscribe', '2022-07-13 14:26:45'),
	(543, 'qq@ss.kk', 'На сайте добавлена новая статья: "mail6".', 'Новая статья: mail6, <br>Краткое описание статьи: fg6', '\\diplom-2-oop\\article\\129', '\\diplom-2-oop\\unsubscribe', '2022-07-13 14:26:45'),
	(544, 'ee@dd.jj', 'На сайте добавлена новая статья: "mail6".', 'Новая статья: mail6, <br>Краткое описание статьи: fg6', '\\diplom-2-oop\\article\\129', '\\diplom-2-oop\\unsubscribe', '2022-07-13 14:26:45'),
	(545, 'zz@s.kk', 'На сайте добавлена новая статья: "mail6".', 'Новая статья: mail6, <br>Краткое описание статьи: fg6', '\\diplom-2-oop\\article\\129', '\\diplom-2-oop\\unsubscribe', '2022-07-13 14:26:45'),
	(546, 'sxd@dd.kkk', 'На сайте добавлена новая статья: "mail6".', 'Новая статья: mail6, <br>Краткое описание статьи: fg6', '\\diplom-2-oop\\article\\129', '\\diplom-2-oop\\unsubscribe', '2022-07-13 14:26:45'),
	(547, 'lll@fff.jj', 'На сайте добавлена новая статья: "mail6".', 'Новая статья: mail6, <br>Краткое описание статьи: fg6', '\\diplom-2-oop\\article\\129', '\\diplom-2-oop\\unsubscribe', '2022-07-13 14:26:45'),
	(548, 'aa@sb.jj', 'На сайте добавлена новая статья: "mail6".', 'Новая статья: mail6, <br>Краткое описание статьи: fg6', '\\diplom-2-oop\\article\\129', '\\diplom-2-oop\\unsubscribe', '2022-07-13 14:26:45'),
	(549, 'sdrrgtstg@fgh.jkj', 'На сайте добавлена новая статья: "mail6".', 'Новая статья: mail6, <br>Краткое описание статьи: fg6', '\\diplom-2-oop\\article\\129', '\\diplom-2-oop\\unsubscribe', '2022-07-13 14:26:45'),
	(550, 'sdd@dd.kk', 'На сайте добавлена новая статья: "mail6".', 'Новая статья: mail6, <br>Краткое описание статьи: fg6', '\\diplom-2-oop\\article\\129', '\\diplom-2-oop\\unsubscribe', '2022-07-13 14:26:45'),
	(551, 'sdd@dd.mm', 'На сайте добавлена новая статья: "mail6".', 'Новая статья: mail6, <br>Краткое описание статьи: fg6', '\\diplom-2-oop\\article\\129', '\\diplom-2-oop\\unsubscribe', '2022-07-13 14:26:45'),
	(552, 'jjj@ddd.ru', 'На сайте добавлена новая статья: "mail7".', 'Новая статья: mail7, <br>Краткое описание статьи: 6hh', '\\diplom-2-oop\\article\\130', '\\diplom-2-oop\\unsubscribe', '2022-07-13 14:29:07'),
	(553, 'irena@mail.ru', 'На сайте добавлена новая статья: "mail7".', 'Новая статья: mail7, <br>Краткое описание статьи: 6hh', '\\diplom-2-oop\\article\\130', '\\diplom-2-oop\\unsubscribe', '2022-07-13 14:29:07'),
	(554, 'yu-12@mail.ru', 'На сайте добавлена новая статья: "mail7".', 'Новая статья: mail7, <br>Краткое описание статьи: 6hh', '\\diplom-2-oop\\article\\130', '\\diplom-2-oop\\unsubscribe', '2022-07-13 14:29:07'),
	(555, 'nici@xc.ry', 'На сайте добавлена новая статья: "mail7".', 'Новая статья: mail7, <br>Краткое описание статьи: 6hh', '\\diplom-2-oop\\article\\130', '\\diplom-2-oop\\unsubscribe', '2022-07-13 14:29:07'),
	(556, 'ee@gg.kk', 'На сайте добавлена новая статья: "mail7".', 'Новая статья: mail7, <br>Краткое описание статьи: 6hh', '\\diplom-2-oop\\article\\130', '\\diplom-2-oop\\unsubscribe', '2022-07-13 14:29:07'),
	(557, 'rr@ff.kk', 'На сайте добавлена новая статья: "mail7".', 'Новая статья: mail7, <br>Краткое описание статьи: 6hh', '\\diplom-2-oop\\article\\130', '\\diplom-2-oop\\unsubscribe', '2022-07-13 14:29:07'),
	(558, 'qq@ww.uu', 'На сайте добавлена новая статья: "mail7".', 'Новая статья: mail7, <br>Краткое описание статьи: 6hh', '\\diplom-2-oop\\article\\130', '\\diplom-2-oop\\unsubscribe', '2022-07-13 14:29:07'),
	(559, 'eee@dff.kkk', 'На сайте добавлена новая статья: "mail7".', 'Новая статья: mail7, <br>Краткое описание статьи: 6hh', '\\diplom-2-oop\\article\\130', '\\diplom-2-oop\\unsubscribe', '2022-07-13 14:29:07'),
	(560, 'qq@ss.kk', 'На сайте добавлена новая статья: "mail7".', 'Новая статья: mail7, <br>Краткое описание статьи: 6hh', '\\diplom-2-oop\\article\\130', '\\diplom-2-oop\\unsubscribe', '2022-07-13 14:29:07'),
	(561, 'ee@dd.jj', 'На сайте добавлена новая статья: "mail7".', 'Новая статья: mail7, <br>Краткое описание статьи: 6hh', '\\diplom-2-oop\\article\\130', '\\diplom-2-oop\\unsubscribe', '2022-07-13 14:29:07'),
	(562, 'zz@s.kk', 'На сайте добавлена новая статья: "mail7".', 'Новая статья: mail7, <br>Краткое описание статьи: 6hh', '\\diplom-2-oop\\article\\130', '\\diplom-2-oop\\unsubscribe', '2022-07-13 14:29:07'),
	(563, 'sxd@dd.kkk', 'На сайте добавлена новая статья: "mail7".', 'Новая статья: mail7, <br>Краткое описание статьи: 6hh', '\\diplom-2-oop\\article\\130', '\\diplom-2-oop\\unsubscribe', '2022-07-13 14:29:07'),
	(564, 'lll@fff.jj', 'На сайте добавлена новая статья: "mail7".', 'Новая статья: mail7, <br>Краткое описание статьи: 6hh', '\\diplom-2-oop\\article\\130', '\\diplom-2-oop\\unsubscribe', '2022-07-13 14:29:07'),
	(565, 'aa@sb.jj', 'На сайте добавлена новая статья: "mail7".', 'Новая статья: mail7, <br>Краткое описание статьи: 6hh', '\\diplom-2-oop\\article\\130', '\\diplom-2-oop\\unsubscribe', '2022-07-13 14:29:07'),
	(566, 'sdrrgtstg@fgh.jkj', 'На сайте добавлена новая статья: "mail7".', 'Новая статья: mail7, <br>Краткое описание статьи: 6hh', '\\diplom-2-oop\\article\\130', '\\diplom-2-oop\\unsubscribe', '2022-07-13 14:29:07'),
	(567, 'sdd@dd.kk', 'На сайте добавлена новая статья: "mail7".', 'Новая статья: mail7, <br>Краткое описание статьи: 6hh', '\\diplom-2-oop\\article\\130', '\\diplom-2-oop\\unsubscribe', '2022-07-13 14:29:07'),
	(568, 'sdd@dd.mm', 'На сайте добавлена новая статья: "mail7".', 'Новая статья: mail7, <br>Краткое описание статьи: 6hh', '\\diplom-2-oop\\article\\130', '\\diplom-2-oop\\unsubscribe', '2022-07-13 14:29:07');
/*!40000 ALTER TABLE `posts` ENABLE KEYS */;

-- Дамп структуры для таблица diplom_2_oop.product
DROP TABLE IF EXISTS `product`;
CREATE TABLE IF NOT EXISTS `product` (
  `id` int(11) NOT NULL AUTO_INCREMENT,
  `name` varchar(255) NOT NULL,
  `category_id` int(11) NOT NULL,
  `code` int(11) NOT NULL,
  `price` float NOT NULL,
  `availability` int(11) NOT NULL,
  `brand` varchar(255) NOT NULL,
  `image` varchar(255) NOT NULL,
  `description` text NOT NULL,
  `is_new` int(11) NOT NULL DEFAULT '0',
  `is_recommended` int(11) NOT NULL DEFAULT '0',
  `status` int(11) NOT NULL DEFAULT '1',
  PRIMARY KEY (`id`)
) ENGINE=InnoDB AUTO_INCREMENT=67 DEFAULT CHARSET=utf8;

-- Дамп данных таблицы diplom_2_oop.product: ~29 rows (приблизительно)
DELETE FROM `product`;
/*!40000 ALTER TABLE `product` DISABLE KEYS */;
INSERT INTO `product` (`id`, `name`, `category_id`, `code`, `price`, `availability`, `brand`, `image`, `description`, `is_new`, `is_recommended`, `status`) VALUES
	(35, 'Ноутбук HP Stream 11-d050nr', 13, 2343847, 324, 1, 'Hewlett Packard', 'notebook.jpg', 'Экран 11.6” (1366x768) HD LED, матовый / Intel Celeron N2840 (2.16 ГГц) / RAM 2 ГБ / eMMC 32 ГБ / Intel HD Graphics / без ОД / Wi-Fi / Bluetooth / веб-камера / Windows 8.1 + MS Office 365 / 1.28 кг / синий', 1, 0, 1),
	(36, 'Ноутбук Asus X200MA White ', 13, 2028027, 1111, 1, 'Asus', 'notebook.jpg', 'Экран 11.6" (1366x768) HD LED, глянцевый / Intel Celeron N2840 (2.16 ГГц) / RAM 2 ГБ / HDD 500 ГБ / Intel HD Graphics / без ОД / Bluetooth 4.0 / Wi-Fi / LAN / веб-камера / без ОС / 1.24 кг / белый', 1, 1, 1),
	(37, 'Ноутбук Acer Aspire E3-112-C65X', 13, 2019487, 325, 1, 'Acer', 'notebook.jpg', 'Экран 11.6\'\' (1366x768) HD LED, матовый / Intel Celeron N2840 (2.16 ГГц) / RAM 2 ГБ / HDD 500 ГБ / Intel HD Graphics / без ОД / LAN / Wi-Fi / Bluetooth / веб-камера / Linpus / 1.29 кг / серебристый', 0, 1, 1),
	(38, 'Ноутбук Acer TravelMate TMB115', 13, 1953212, 275, 1, 'Acer', 'notebook.jpg', 'Экран 11.6\'\' (1366x768) HD LED, матовый / Intel Celeron N2840 (2.16 ГГц) / RAM 2 ГБ / HDD 500 ГБ / Intel HD Graphics / без ОД / LAN / Wi-Fi / Bluetooth 4.0 / веб-камера / Linpus / 1.32 кг / черный', 0, 0, 1),
	(39, 'Ноутбук Lenovo Flex 10', 13, 1602042, 370, 0, 'Lenovo', 'notebook.jpg', 'Экран 10.1" (1366x768) HD LED, сенсорный, глянцевый / Intel Celeron N2830 (2.16 ГГц) / RAM 2 ГБ / HDD 500 ГБ / Intel HD Graphics / без ОД / Wi-Fi / Bluetooth / веб-камера / Windows 8.1 / 1.2 кг / черный', 0, 0, 1),
	(40, 'Ноутбук Asus X751MA', 13, 2028367, 430, 1, 'Asus', 'notebook.jpg', 'Экран 17.3" (1600х900) HD+ LED, глянцевый / Intel Pentium N3540 (2.16 - 2.66 ГГц) / RAM 4 ГБ / HDD 1 ТБ / Intel HD Graphics / DVD Super Multi / LAN / Wi-Fi / Bluetooth 4.0 / веб-камера / DOS / 2.6 кг / белый', 0, 1, 1),
	(41, 'Samsung Galaxy Tab S 10.5 16GB', 14, 1129365, 780, 1, 'Samsung', 'tegra.jpeg', 'Samsung Galaxy Tab S создан для того, чтобы сделать вашу жизнь лучше. Наслаждайтесь своим контентом с покрытием 94% цветов Adobe RGB и 100000:1 уровнем контрастности, который обеспечивается sAmoled экраном с функцией оптимизации под отображаемое изображение и окружение. Яркий 10.5” экран в ультратонком корпусе весом 467 г порадует вас высоким уровнем портативности. Работа станет проще вместе с Hancom Office и удаленным доступом к вашему ПК. E-Meeting и WebEx – отличные помощники для проведения встреч, когда вы находитесь вне офиса. Надежно храните ваши данные благодаря сканеру отпечатка пальцев.', 1, 1, 1),
	(42, 'Samsung Galaxy Tab S 8.4 16GB', 14, 1128670, 640, 1, 'Samsung', 'tegra.jpeg', 'Экран 8.4" Super AMOLED (2560x1600) емкостный Multi-Touch / Samsung Exynos 5420 (1.9 ГГц + 1.3 ГГц) / RAM 3 ГБ / 16 ГБ встроенной памяти + поддержка карт памяти microSD / Bluetooth 4.0 / Wi-Fi 802.11 a/b/g/n/ac / основная камера 8 Мп, фронтальная 2.1 Мп / GPS / ГЛОНАСС / Android 4.4.2 (KitKat) / 294 г / белый', 0, 0, 1),
	(43, 'Gazer Tegra Note 7', 14, 683364, 210, 1, 'Gazer', 'tegra.jpeg', 'Экран 7" IPS (1280x800) емкостный Multi-Touch / NVIDIA Tegra 4 (1.8 ГГц) / RAM 1 ГБ / 16 ГБ встроенной памяти + поддержка карт памяти microSD / Wi-Fi / Bluetooth 4.0 / основная камера 5 Мп, фронтальная - 0.3 Мп / GPS / ГЛОНАСС / Android 4.4.2 (KitKat) / вес 320 г', 0, 1, 1),
	(44, 'Монитор 23" Dell E2314H Black', 15, 355025, 175, 1, 'Dell', 'monitor.jpg', 'С расширением Full HD Вы сможете рассмотреть мельчайшие детали. Dell E2314H предоставит Вам резкое и четкое изображение, с которым любая работа будет в удовольствие. Full HD 1920 x 1080 при 60 Гц разрешение (макс.)', 0, 0, 1),
	(45, 'Компьютер Everest Game ', 16, 1563832, 1320, 1, 'Everest', 'everest.jpg', 'Everest Game 9085 — это компьютеры премимум класса, собранные на базе эксклюзивных компонентов, тщательно подобранных и протестированных лучшими специалистами нашей компании. Это топовый сегмент систем, который отвечает наилучшим характеристикам показателей качества и производительности.', 0, 0, 1),
	(46, 'Компьютер Everest-2 Game ', 16, 1563832, 1322, 1, 'Everest', 'everest.jpg', 'Everest Game 9085 — это компьютеры премимум класса, собранные на базе эксклюзивных компонентов, тщательно подобранных и протестированных лучшими специалистами нашей компании. Это топовый сегмент систем, который отвечает наилучшим характеристикам показателей качества и производительности.', 0, 0, 1),
	(47, 'Компьютер Everest-3 Game ', 16, 1563832, 1333, 1, 'Everest', 'everest.jpg', 'Everest Game 9085 — это компьютеры премимум класса, собранные на базе эксклюзивных компонентов, тщательно подобранных и протестированных лучшими специалистами нашей компании. Это топовый сегмент систем, который отвечает наилучшим характеристикам показателей качества и производительности.', 0, 0, 1),
	(48, 'Компьютер Everest-4 Game ', 16, 1563832, 1444, 1, 'Everest', 'everest.jpg', 'Everest Game 9085 — это компьютеры премимум класса, собранные на базе эксклюзивных компонентов, тщательно подобранных и протестированных лучшими специалистами нашей компании. Это топовый сегмент систем, который отвечает наилучшим характеристикам показателей качества и производительности.', 0, 1, 1),
	(49, 'Монитор 21" Dell E2114H Black', 15, 355025, 155, 1, 'Dell', 'monitor.jpg', 'С расширением Full HD Вы сможете рассмотреть мельчайшие детали. Dell E2314H предоставит Вам резкое и четкое изображение, с которым любая работа будет в удовольствие. Full HD 1920 x 1080 при 60 Гц разрешение (макс.)', 0, 1, 1),
	(50, 'Ноутбук Sony Vaio', 13, 2028367, 800, 1, 'Sony', 'notebook.jpg', 'Экран 15.3" (1600х900) HD+ LED, глянцевый / Intel Pentium N3540 (2.16 - 2.66 ГГц) / RAM 4 ГБ / HDD 1 ТБ / Intel HD Graphics / DVD Super Multi / LAN / Wi-Fi / Bluetooth 4.0 / веб-камера / DOS / 2.6 кг / белый', 0, 0, 1),
	(51, 'Ноутбук Asus X751MA', 13, 2028367, 430, 1, 'Asus', 'notebook.jpg', 'Экран 17.3" (1600х900) HD+ LED, глянцевый / Intel Pentium N3540 (2.16 - 2.66 ГГц) / RAM 4 ГБ / HDD 1 ТБ / Intel HD Graphics / DVD Super Multi / LAN / Wi-Fi / Bluetooth 4.0 / веб-камера / DOS / 2.6 кг / белый', 0, 0, 1),
	(52, 'Ноутбук Asus X200MA White ', 13, 2028027, 270, 1, 'Asus', 'notebook.jpg', 'Экран 11.6" (1366x768) HD LED, глянцевый / Intel Celeron N2840 (2.16 ГГц) / RAM 2 ГБ / HDD 500 ГБ / Intel HD Graphics / без ОД / Bluetooth 4.0 / Wi-Fi / LAN / веб-камера / без ОС / 1.24 кг / белый', 0, 0, 1),
	(53, 'Ноутбук HP Stream 11-d050nr', 13, 2343847, 305, 1, 'Hewlett Packard', 'notebook.jpg', 'Экран 11.6” (1366x768) HD LED, матовый / Intel Celeron N2840 (2.16 ГГц) / RAM 2 ГБ / eMMC 32 ГБ / Intel HD Graphics / без ОД / Wi-Fi / Bluetooth / веб-камера / Windows 8.1 + MS Office 365 / 1.28 кг / синий', 1, 1, 1),
	(54, 'Ноутбук Asus X200MA (X200MA-KX315D)', 13, 1839707, 395, 1, 'Asus', 'notebook.jpg', 'Экран 11.6" (1366x768) HD LED, глянцевый / Intel Pentium N3530 (2.16 - 2.58 ГГц) / RAM 4 ГБ / HDD 750 ГБ / Intel HD Graphics / без ОД / Bluetooth 4.0 / Wi-Fi / LAN / веб-камера / без ОС / 1.24 кг / синий', 0, 0, 1),
	(55, 'Ноутбук Asus X200MA (X200MA-KX315D)', 13, 1839707, 395, 1, 'Asus', 'notebook.jpg', 'Экран 11.6" (1366x768) HD LED, глянцевый / Intel Pentium N3530 (2.16 - 2.58 ГГц) / RAM 4 ГБ / HDD 750 ГБ / Intel HD Graphics / без ОД / Bluetooth 4.0 / Wi-Fi / LAN / веб-камера / без ОС / 1.24 кг / синий', 0, 0, 1),
	(56, 'Ноутбук Acer Aspire E3-112-C65X', 13, 2019487, 325, 1, 'Acer', 'notebook.jpg', 'Экран 11.6\'\' (1366x768) HD LED, матовый / Intel Celeron N2840 (2.16 ГГц) / RAM 2 ГБ / HDD 500 ГБ / Intel HD Graphics / без ОД / LAN / Wi-Fi / Bluetooth / веб-камера / Linpus / 1.29 кг / серебристый', 0, 0, 1),
	(57, 'Ноутбук Lenovo Flex 10', 13, 1602042, 370, 0, 'Lenovo', 'notebook.jpg', 'Экран 10.1" (1366x768) HD LED, сенсорный, глянцевый / Intel Celeron N2830 (2.16 ГГц) / RAM 2 ГБ / HDD 500 ГБ / Intel HD Graphics / без ОД / Wi-Fi / Bluetooth / веб-камера / Windows 8.1 / 1.2 кг / черный', 0, 0, 1),
	(61, 'comp', 13, 5555555, 777, 1, 'sony', '', 'wwwwwwwww', 1, 1, 1),
	(62, 'new', 13, 2147483647, 5555, 1, 'qqqqqqqqqqqq', '', 'ddddddddddvvvvvvvvvv', 1, 1, 1),
	(63, 'new', 13, 2147483647, 8888, 1, 'last one', '', 'pc1', 1, 1, 1),
	(64, 'new', 13, 2147483647, 999, 1, 'last one more', '', 'pc2', 1, 1, 1),
	(65, 'new', 13, 2147483647, 222, 1, 'last one more 1', '', 'pc3', 1, 1, 1),
	(66, 'new', 13, 2147483647, 111, 1, 'last one more 2', '', 'pc4', 1, 1, 1);
/*!40000 ALTER TABLE `product` ENABLE KEYS */;

-- Дамп структуры для таблица diplom_2_oop.product_order
DROP TABLE IF EXISTS `product_order`;
CREATE TABLE IF NOT EXISTS `product_order` (
  `id` int(11) NOT NULL AUTO_INCREMENT,
  `user_name` varchar(255) NOT NULL,
  `user_phone` varchar(255) NOT NULL,
  `user_comment` text NOT NULL,
  `user_id` int(11) DEFAULT NULL,
  `date` timestamp NOT NULL DEFAULT CURRENT_TIMESTAMP,
  `products` text NOT NULL,
  `status` int(11) NOT NULL DEFAULT '1',
  PRIMARY KEY (`id`)
) ENGINE=MyISAM AUTO_INCREMENT=85 DEFAULT CHARSET=utf8;

-- Дамп данных таблицы diplom_2_oop.product_order: 40 rows
DELETE FROM `product_order`;
/*!40000 ALTER TABLE `product_order` DISABLE KEYS */;
INSERT INTO `product_order` (`id`, `user_name`, `user_phone`, `user_comment`, `user_id`, `date`, `products`, `status`) VALUES
	(45, 'fsdfsd', '1', '123123123', 4, '2015-05-14 09:54:45', '{"1":1,"2":1,"3":2}', 3),
	(46, 'САША1', 'g3424242342', '', 4, '2015-05-18 15:34:42', '{"44":3,"43":3}', 1),
	(47, 'hgbv', '3333333333333333', 'fffffffffffff', 0, '2019-12-12 17:57:27', '{"57":1}', 1),
	(48, 'hgbv', '3333333333333333', 'fffffffffffff', 0, '2019-12-12 18:05:33', '{"57":1}', 1),
	(49, 'hgbv', '3333333333333333', 'fffffffffffff', 0, '2019-12-12 18:14:56', 'false', 1),
	(50, 'Yuri', '12345679887', 'kutdf,jtuf.k', 7, '2019-12-12 18:30:56', '{"56":1,"44":1,"42":1}', 1),
	(51, 'bhbh', '4444444444444444', 'rrrrrrrrrrrrrrrrrr', 0, '2019-12-13 13:36:45', '{"57":1}', 1),
	(52, 'dc', 'dc33333333333333', 'ddddddddd', 0, '2019-12-13 13:41:37', '{"57":2}', 1),
	(53, 'ппппппппппп', '5555555555555555', 'ееееееееееееееееееее', 0, '2019-12-13 13:52:03', '{"53":1}', 1),
	(54, 'ппппппппппп', '5555555555555555', 'ееееееееееееееееееее', 0, '2019-12-13 13:55:44', 'false', 1),
	(55, 'wwwww', '222222222222222222', 'aaaaaaaaaaaaaaaaaaaaaa', 0, '2019-12-13 13:56:06', '{"56":1}', 1),
	(56, 'yyyyy', '77777777777777777', 'jjjjjjjjjjjjjjjjjjjjjjjj', 0, '2019-12-13 13:58:26', '{"43":1}', 1),
	(57, 'erttywer', '24526463643564', 'fjgfhkkkkkkkkkkkkkkkkkkkkkkkkk', 0, '2019-12-13 14:50:58', '{"54":1}', 1),
	(58, 'dthfgjf', '777777777777777777', 'iiiiiiiiiiiiiiyyyyyyyyyyyyyyyyyy', 0, '2019-12-13 14:52:52', '{"55":2}', 1),
	(59, 'qwqe', '3222222222222224', 'fddhjdsfvbcxv', 0, '2019-12-13 14:53:59', '{"41":1}', 1),
	(60, 'lllljjjjjjjj', '999999999999999999999', 'uuuuuuuuuuuuuuuuuuuuuuuu', 0, '2019-12-13 14:55:44', '{"48":1}', 1),
	(61, 'вари', 'в44444444444444', 'пеппппппппппппппп', 0, '2019-12-13 14:57:29', '{"43":1}', 1),
	(62, 'edgsd', 'sdggdgsdgdsgsdg', 'dsgsdgsdgsdgsdg', 0, '2019-12-13 14:58:41', '{"54":1}', 1),
	(63, 'qq', '111111111111111111', 'asddddddddddddddddd', 0, '2019-12-13 15:05:24', '{"49":1}', 1),
	(64, 'ertre', '636345556666', 'ghjgfj', 0, '2019-12-13 15:06:32', '{"47":1}', 1),
	(65, 'ertre', '636345556666', 'ghjgfj', 0, '2019-12-13 15:07:42', 'false', 1),
	(66, 'Yuri', '2352463476543', 'fthrejhteyjey5jkurkryiukyuk', 7, '2020-01-16 17:19:59', '{"57":1}', 1),
	(67, 'Yuri', '8888877777', 'uuuuuuuuuuuuuuuuuuuoooooooooooooooooooooooooo', 7, '2020-01-16 17:22:36', '{"56":1,"49":2,"46":1}', 1),
	(68, 'Yuri', '99999555555', 'oooooooooooooooooxxxx', 7, '2020-01-16 17:26:46', '{"57":3,"61":3}', 2),
	(69, 'Yuri', '9999999999', 'ooooooooooooooooo', 0, '2020-01-17 11:16:27', 'false', 1),
	(70, 'Yuri', '7777777777', 'пппппппппппп', 7, '2020-01-17 16:06:45', '{"56":1,"37":1,"71":3,"73":2,"70":1,"68":1,"35":1,"44":1,"41":1,"46":2}', 1),
	(71, 'Yuri', '111111111111111', 'hhhhhhhhhhhh', 7, '2020-02-03 11:05:46', '{"72":1,"71":1}', 1),
	(72, 'Yuri', '55555555555555555', '', 7, '2020-02-03 12:23:53', '{"71":1}', 1),
	(73, 'ctgk', 'kh6864848747847', 'кегоачл мрл', 0, '2020-02-10 11:22:54', '{"73":1,"72":1,"71":1}', 1),
	(74, 'yuriy', '6365385487657809', 'Ok kgdcfhb.lkhlyirfrsxnf дор', 0, '2020-02-10 11:34:59', '{"73":1,"72":1,"71":1}', 1),
	(75, 'george ', '125346457876987', 'rtjfxg', 0, '2020-02-10 11:40:42', '{"70":1,"72":1}', 1),
	(76, 'paul', '582346869789', 'gkgghkhhjljkb bkghk', 0, '2020-02-10 11:48:27', '{"70":2}', 1),
	(77, 'kate', '875786986796897', 'rudf', 0, '2020-02-10 11:49:14', '{"72":3}', 1),
	(78, '2222', 'rerere2323232132', 'укаупа', 0, '2020-02-10 11:52:43', '{"72":1}', 1),
	(79, '2222', 'rerere2323232132', 'укаупа', 0, '2020-02-10 12:03:08', 'false', 1),
	(80, '2222', 'rerere2323232132', 'укаупа', 0, '2020-02-10 12:03:11', 'false', 1),
	(81, 'qqq', '22222222222222', 'dddddddddddddddddddd', 0, '2020-02-10 12:04:44', '{"70":4}', 1),
	(82, 'ttt', '44444444444444', 'fffffffffffffffffffff', 0, '2020-02-12 13:54:25', '{"73":1}', 1),
	(83, 'згщртл', 'ш7650--80=9=0-990785', 'дшнапжщшжощлд', 0, '2020-02-13 11:05:21', '{"36":1,"35":1,"37":1,"73":1,"72":1}', 1),
	(84, 'Yuri', '333333333555', 'srftjsf', 7, '2020-03-10 12:33:08', '{"62":1,"61":1}', 1);
/*!40000 ALTER TABLE `product_order` ENABLE KEYS */;

-- Дамп структуры для таблица diplom_2_oop.rights
DROP TABLE IF EXISTS `rights`;
CREATE TABLE IF NOT EXISTS `rights` (
  `id` int(5) NOT NULL AUTO_INCREMENT,
  `name` varchar(50) NOT NULL DEFAULT '0',
  `description` varchar(250) NOT NULL DEFAULT '0',
  PRIMARY KEY (`id`)
) ENGINE=InnoDB AUTO_INCREMENT=7 DEFAULT CHARSET=utf8 COMMENT='Права доступа';

-- Дамп данных таблицы diplom_2_oop.rights: ~6 rows (приблизительно)
DELETE FROM `rights`;
/*!40000 ALTER TABLE `rights` DISABLE KEYS */;
INSERT INTO `rights` (`id`, `name`, `description`) VALUES
	(1, 'admin', 'возможность выдавать зарегистрированным пользователям роли Администратора и Контент-менеджера'),
	(2, 'create', 'может создавать статьи '),
	(3, 'edit', 'может изменять статьи '),
	(4, 'moderate', 'может модерировать комментарии к статьям'),
	(5, 'comment', 'может оставлять комментарии'),
	(6, 'subscribe', 'может подписаться');
/*!40000 ALTER TABLE `rights` ENABLE KEYS */;

-- Дамп структуры для таблица diplom_2_oop.right_role
DROP TABLE IF EXISTS `right_role`;
CREATE TABLE IF NOT EXISTS `right_role` (
  `id_right` int(5) DEFAULT NULL COMMENT 'id-права доступа',
  `id_role` int(5) DEFAULT NULL COMMENT 'id-роли пользователя',
  `description` varchar(250) DEFAULT NULL,
  UNIQUE KEY `id_right_id_role` (`id_right`,`id_role`),
  KEY `FK2_id_role` (`id_role`),
  CONSTRAINT `FK1_id_right` FOREIGN KEY (`id_right`) REFERENCES `rights` (`id`) ON DELETE CASCADE ON UPDATE CASCADE,
  CONSTRAINT `FK2_id_role` FOREIGN KEY (`id_role`) REFERENCES `roles` (`id`) ON DELETE CASCADE ON UPDATE CASCADE
) ENGINE=InnoDB DEFAULT CHARSET=utf8 COMMENT='Соответствие между ролями пользователей и их правами доступа';

-- Дамп данных таблицы diplom_2_oop.right_role: ~14 rows (приблизительно)
DELETE FROM `right_role`;
/*!40000 ALTER TABLE `right_role` DISABLE KEYS */;
INSERT INTO `right_role` (`id_right`, `id_role`, `description`) VALUES
	(1, 1, 'Админ может выдавть права'),
	(2, 1, 'Админ может создавать статьи '),
	(3, 1, 'Админ может изменять статьи '),
	(4, 1, 'Админ может модерировать комментарии к статьям'),
	(5, 1, 'Админ может оставлять комментарии'),
	(2, 2, 'Контент менеджер может создавать статьи '),
	(3, 2, 'Контент менеджер может изменять статьи '),
	(4, 2, 'Контент менеджер может модерировать комментарии к статьям'),
	(5, 2, 'Контент менеджер может оставлять комментарии'),
	(5, 3, 'Зарегистрированный пользователь – может оставлять комментарии'),
	(6, 1, 'Админ может подписаться на статью'),
	(6, 2, 'Контент менеджер может подписаться на статью'),
	(6, 3, 'Зарегистрированный пользователь может подписаться на статью'),
	(6, 4, 'Незарегистрированный пользователь может подписаться на статью');
/*!40000 ALTER TABLE `right_role` ENABLE KEYS */;

-- Дамп структуры для таблица diplom_2_oop.roles
DROP TABLE IF EXISTS `roles`;
CREATE TABLE IF NOT EXISTS `roles` (
  `id` int(5) NOT NULL AUTO_INCREMENT,
  `name` varchar(50) NOT NULL DEFAULT '0',
  `description` varchar(250) NOT NULL DEFAULT '0',
  PRIMARY KEY (`id`)
) ENGINE=InnoDB AUTO_INCREMENT=5 DEFAULT CHARSET=utf8 COMMENT='Роли пользователей.';

-- Дамп данных таблицы diplom_2_oop.roles: ~4 rows (приблизительно)
DELETE FROM `roles`;
/*!40000 ALTER TABLE `roles` DISABLE KEYS */;
INSERT INTO `roles` (`id`, `name`, `description`) VALUES
	(1, 'administrator', 'Администратор – полный доступ к админке'),
	(2, 'content_manager', 'Контент менеджер – может изменять/создавать статьи и модерирует комментарии к ним'),
	(3, 'user', 'Зарегистрированный пользователь – может оставлять комментарии'),
	(4, 'unreg_user', 'Незарегистрированный пользователь – может просматривать статьи в блоге, подписаться, авторизоваться и зарегистрироваться.');
/*!40000 ALTER TABLE `roles` ENABLE KEYS */;

-- Дамп структуры для таблица diplom_2_oop.settings
DROP TABLE IF EXISTS `settings`;
CREATE TABLE IF NOT EXISTS `settings` (
  `id` int(11) NOT NULL AUTO_INCREMENT,
  `name` varchar(50) NOT NULL DEFAULT '0' COMMENT 'Название настройки',
  `value` varchar(50) NOT NULL DEFAULT '0' COMMENT 'Значение настройки',
  `description` varchar(500) NOT NULL DEFAULT '0' COMMENT 'Описание',
  PRIMARY KEY (`id`)
) ENGINE=InnoDB AUTO_INCREMENT=2 DEFAULT CHARSET=utf8 COMMENT='Настройки для приложения.';

-- Дамп данных таблицы diplom_2_oop.settings: ~1 rows (приблизительно)
DELETE FROM `settings`;
/*!40000 ALTER TABLE `settings` DISABLE KEYS */;
INSERT INTO `settings` (`id`, `name`, `value`, `description`) VALUES
	(1, 'article_quantity_on_page', '8', 'Количество статей выводимое на страницу');
/*!40000 ALTER TABLE `settings` ENABLE KEYS */;

-- Дамп структуры для таблица diplom_2_oop.users
DROP TABLE IF EXISTS `users`;
CREATE TABLE IF NOT EXISTS `users` (
  `id` int(50) NOT NULL AUTO_INCREMENT,
  `name` varchar(250) DEFAULT NULL,
  `role` int(5) NOT NULL DEFAULT '4',
  `email` varchar(250) DEFAULT NULL,
  `password` varchar(250) DEFAULT NULL,
  `link` varchar(500) DEFAULT NULL COMMENT 'Ссылка на страницу автора в соц.сети',
  `subscription` int(1) NOT NULL DEFAULT '0' COMMENT 'Подписка на оповещение по e-mail',
  `avatar` varchar(250) NOT NULL DEFAULT 'no-photo.jpg' COMMENT 'Имя файла аватарки',
  `aboutMe` varchar(5000) DEFAULT NULL COMMENT 'О себе',
  PRIMARY KEY (`id`),
  UNIQUE KEY `email` (`email`),
  UNIQUE KEY `name` (`name`),
  KEY `FK1_role` (`role`),
  CONSTRAINT `FK1_role` FOREIGN KEY (`role`) REFERENCES `roles` (`id`) ON DELETE CASCADE ON UPDATE CASCADE
) ENGINE=InnoDB AUTO_INCREMENT=81 DEFAULT CHARSET=utf8;

-- Дамп данных таблицы diplom_2_oop.users: ~44 rows (приблизительно)
DELETE FROM `users`;
/*!40000 ALTER TABLE `users` DISABLE KEYS */;
INSERT INTO `users` (`id`, `name`, `role`, `email`, `password`, `link`, `subscription`, `avatar`, `aboutMe`) VALUES
	(1, 'yuri', 1, 'yu@mail.ru', '$2y$10$G0NP8CNU/pH3LZfwn7fB.ui/kfYguOzKjQrN7sy3b8eI18eMO.LFC', NULL, 0, 'yuri.jpg', 'Это Юрий! Hello!'),
	(2, 'nataliya ivanovna', 2, 'nat@mail.ru', '$2y$10$LTzOUOsuoWyu3cFJfhsGD.enRr.9nYNuVYLzXwPlrp/ERAWlsdRG6', NULL, 0, 'nat.jpg', 'Это Наталия'),
	(3, 'leon', 3, 'leo@mail.ru', '$2y$10$LTzOUOsuoWyu3cFJfhsGD.enRr.9nYNuVYLzXwPlrp/ERAWlsdRG6', NULL, 0, 'leon.jpg', 'Leonid'),
	(4, 'nina', 3, 'nina@mail.ru', '$2y$10$JuZBFGhKypltSBnopzmVpObYixBVAzEGNk6wUDXjUdVDwupIX6/nG', NULL, 0, 'no-photo.jpg', 'Hello'),
	(7, 'qqq', 3, 'aaa@ddd.ru', '$2y$10$tC41mjnduueRBZJvhv1CIuSqjthKuuTGZRWtUI8PU4hmcUExkuTS6', NULL, 0, 'no-photo.jpg', ''),
	(8, 'hhh', 3, 'jjj@ddd.ru', '$2y$10$LTzOUOsuoWyu3cFJfhsGD.enRr.9nYNuVYLzXwPlrp/ERAWlsdRG6', NULL, 1, 'no-photo.jpg', ''),
	(9, 'Iren1', 3, 'iren1@mail.ru', '$2y$10$xL1IP.8Gg2o3LgNDg1rHNeG/A80VYeHPfPS6y/15sVeBcduQeEYX2', NULL, 0, 'no-photo.jpg', ''),
	(11, 'Irena', 3, 'irena@mail.ru', '$2y$10$p1Aa89DnHvjM./vXHbMjvuhyD5IeM1zQy6XVeXa.0KTGrOktlu6q.', NULL, 1, 'Irena.png', 'Hi'),
	(12, 'yuri-12', 3, 'yu-12@mail.ru', '$2y$10$UVF4FljXlD2dQQsVprgVcuxyokubHpwX7IIh/whgMQWiLdVIuFvGW', NULL, 1, 'no-photo.jpg', 'Это тест-2234567'),
	(13, 'leon12', 3, 'leo12@mail.ru', '$2y$10$xCbo/keNt7I0IQZI7JRqfeM.xAmpTVqL19lIaIAcGPIPec9LDXu6a', NULL, 0, 'no-photo.jpg', 'it\'s me'),
	(14, 'qw', 3, 'q@w.ry', '$2y$10$LTzOUOsuoWyu3cFJfhsGD.enRr.9nYNuVYLzXwPlrp/ERAWlsdRG6', NULL, 0, 'qw.png', 'Hello, people!'),
	(15, 'Nicole', 2, 'nici@xc.ry', '$2y$10$IhFs2OIAtuL.eHFJJmZI8.TXG8l/xWsGFz.A.jJ4AiNQmYGJej8bm', NULL, 1, 'no-photo.jpg', 'hfbm,'),
	(16, 'zuko', 2, 'zx@qq.kk', '$2y$10$6ox46q38666BPHq1YtVK7.E9N6sR7kxFpMLQpgZJKtkf3Z.VeEHF2', NULL, 0, 'zukag.jpg', 'ajkhihk'),
	(17, NULL, 3, 'zz1@zz.rr', NULL, NULL, 0, 'no-photo.jpg', NULL),
	(18, NULL, 4, 'zz2@zz.rr', NULL, NULL, 0, 'no-photo.jpg', NULL),
	(19, NULL, 4, 'zz3@zz.rr', NULL, NULL, 0, 'no-photo.jpg', NULL),
	(39, NULL, 4, 'ee@gg.kk', NULL, NULL, 1, 'no-photo.jpg', NULL),
	(40, NULL, 4, 'ww@dd.jj', NULL, NULL, 0, 'no-photo.jpg', NULL),
	(41, NULL, 4, 'ss@dd.nn', NULL, NULL, 0, 'no-photo.jpg', NULL),
	(55, NULL, 4, 'kk@ded.lkl', NULL, NULL, 0, 'no-photo.jpg', NULL),
	(56, NULL, 4, 'ee@vv.jj', NULL, NULL, 0, 'no-photo.jpg', NULL),
	(57, 'eferf', 3, 'rr@ff.kk', '$2y$10$Ylh6rb31XRMbEo24UfH8HObxwZQTaorVgb.Fj2XLrX9b8ZwRxubim', NULL, 1, 'eferf.png', ''),
	(58, NULL, 2, 'dd@ss.jj', NULL, NULL, 0, 'no-photo.jpg', NULL),
	(59, 'rr', 3, 'yu@ww.yy', '$2y$10$GbZREbQERccTf0KF/x58KeSE7k2dj0CxfwDYzls//qhGiQDnIjA96', NULL, 0, 'no-photo.jpg', NULL),
	(60, 'рl', 3, 'l@ff.kk', '$2y$10$Wji.0Ythxtdo6Dip8OtIhOXXphOs4SdpvbHsUqiincmPWd2ViCYqe', NULL, 0, 'no-photo.jpg', NULL),
	(61, 'qqqthhh', 2, 'qq@ww.uu', '$2y$10$A2aZYfJYPZot4qYW8ye3rO337YhGKkw93wJ15FuAvhuVFA57hNMuC', NULL, 1, 'no-photo.jpg', ',jhgol/kj;":L?<'),
	(62, NULL, 3, 'ee@jjkk.ll', NULL, NULL, 0, 'no-photo.jpg', NULL),
	(63, NULL, 4, 'eee@dff.kkk', NULL, NULL, 1, 'no-photo.jpg', NULL),
	(64, NULL, 4, 'qq@ss.kk', NULL, NULL, 1, 'no-photo.jpg', NULL),
	(65, NULL, 2, 'ee@dd.jj', NULL, NULL, 1, 'no-photo.jpg', NULL),
	(66, 'Петр', 3, 'aa@ss.jj', '$2y$10$NpdToOgo2ppwIO1/iDuYjucSdRthxIPpup3Gp0CGSEE7bTwGCOtRm', NULL, 0, 'Петр.jpg', 'ssxxadddsss'),
	(67, 'dgfxdfghjkl', 3, 'ff@dd.kkj', '$2y$10$5GnNDXA4xlp3w9IFC4HRX.TxJSdGddioOX7I4dA/BYu1Ppod5ucQG', NULL, 0, 'dgfxdfghjkl.jpg', 'dtjfyguyhkujlk\r\nhgmbv,knmb '),
	(68, NULL, 3, 'dd@ss.kk', NULL, NULL, 0, 'no-photo.jpg', NULL),
	(69, 'еrt', 2, 'zz@s.kk', '$2y$10$70ls49g0a.oMSsjM4tkY4OoG.5A9inefVeurg3E1c6Pkxmrgqzg/O', NULL, 1, 'no-photo.jpg', NULL),
	(70, NULL, 4, 'sxd@dd.kkk', NULL, NULL, 1, 'no-photo.jpg', NULL),
	(71, NULL, 4, 'lll@fff.jj', NULL, NULL, 1, 'no-photo.jpg', NULL),
	(72, NULL, 4, 'aa@sb.jj', NULL, NULL, 1, 'no-photo.jpg', NULL),
	(73, 'aa', 3, 'aa@dw.kk', '$2y$10$vUXpJVlVZSqlg8atMerr8uKwt6EDc.z7ujbbw9deIvmvBikeLbAeG', NULL, 0, 'aa.jpg', 'ss'),
	(74, 'll', 2, 'aa@dw.uu', '$2y$10$XzRO2nPhn/4hZ6LCqSAD0ea1TdvrrPfCBq7LK7.1IG5Cdsq0eoSnK', NULL, 0, 'no-photo.jpg', 'Биржевая цена газа на площадке ICE Futures превысила $1900 за 1 тыс. куб. м. Стоимость августовского фьючерса на хабе TTF в Нидерландах выросла более чем на 5%, достигнув €179,75 за 1 МВт·ч, или $1922,85 за 1 тыс. куб. м с учетом текущего курса, свидетельствуют данные биржи ICE на 10:06 мск. На пике стоимость газа на хабе TTF поднималась 7 июля до €183,5 за 1 МВт·ч, или $1962,97 за 1 тыс. куб.\r\n\r\nВыше отметки в $1900 за 1 тыс. куб. м стоимость газа поднялась впервые с 9 марта 2022 года.\r\n\r\nИсторический рекорд по газу в Европе был зафиксирован 7 марта — котировки достигли €345 за 1 МВт·ч, или $3931 за 1 тыс. куб. м с учетом курса на тот день на рынке Форекс. В это время валютные торги на Мосбирже не проводились из-за государственного праздника.\r\n\r\nПодробнее на РБК:\r\nhttps://quote.ru/news/article/62c6870f9a79472f4099e938?from=from_main_3\r\nБиржевая цена газа на площадке ICE Futures превысила $1900 за 1 тыс. куб. м. Стоимость августовского фьючерса на хабе TTF в Нидерландах выросла более чем на 5%, достигнув €179,75 за 1 МВт·ч, или $1922,85 за 1 тыс. куб. м с учетом текущего курса, свидетельствуют данные биржи ICE на 10:06 мск. На пике стоимость газа на хабе TTF поднималась 7 июля до €183,5 за 1 МВт·ч, или $1962,97 за 1 тыс. куб.\r\n\r\nВыше отметки в $1900 за 1 тыс. куб. м стоимость газа поднялась впервые с 9 марта 2022 года.\r\n\r\nИсторический рекорд по газу в Европе был зафиксирован 7 марта — котировки достигли €345 за 1 МВт·ч, или $3931 за 1 тыс. куб. м с учетом курса на тот день на рынке Форекс. В это время валютные торги на Мосбирже не проводились из-за государственного праздника.\r\n\r\nПодробнее на РБК:\r\nhttps://quote.ru/news/article/62c6870f9a79472f4099e938?from=from_main_3\r\nБиржевая цена газа на площадке ICE Futures превысила $1900 за 1 тыс. куб. м. Стоимость августовского фьючерса на хабе TTF в Нидерландах выросла более чем на 5%, достигнув €179,75 за 1 МВт·ч, или $1922,85 за 1 тыс. куб. м с учетом текущего курса, свидетельствуют данные биржи ICE на 10:06 мск. На пике стоимость газа на хабе TTF поднималась 7 июля до €183,5 за 1 МВт·ч, или $1962,97 за 1 тыс. куб.\r\n\r\nВыше отметки в $1900 за 1 тыс. куб. м стоимость газа поднялась впервые с 9 марта 2022 года.\r\n\r\nИсторический рекорд по газу в Европе был зафиксирован 7 марта — котировки достигли €345 за 1 МВт·ч, или $3931 за 1 тыс. куб. м с учетом курса на тот день на рынке Форекс. В это время валютные торги на Мосбирже не проводились из-за государственного праздника.\r\n\r\nПодробнее на РБК:\r\nhttps://quote.ru/news/article/62c6870f9a79472f4099e938?from=from_main_3'),
	(75, 'fghdfghdf', 3, 'sdrrgtstg@fgh.jkj', '$2y$10$Le3Cwdz6vkrQFcVO1ruY8u4zaU4t4VfN8dONLQDfcgH1B3RxPY3Yy', NULL, 1, 'no-photo.jpg', 'ertghj'),
	(76, 'vkk', 2, 'vg@dd.kk', '$2y$10$eDxKFYfQ.ePV32I.JHLTTuhTdVULH9tHN/8iuR2D9Urn.4CuZRGdK', NULL, 0, 'qq.jpg', 'dd'),
	(77, NULL, 4, 'sdd@dd.kk', NULL, NULL, 1, 'no-photo.jpg', NULL),
	(79, NULL, 3, 'sdd@dd.mm', NULL, NULL, 1, 'no-photo.jpg', NULL),
	(80, NULL, 3, 'zz@ss.kk', NULL, NULL, 0, 'no-photo.jpg', NULL);
/*!40000 ALTER TABLE `users` ENABLE KEYS */;

/*!40101 SET SQL_MODE=IFNULL(@OLD_SQL_MODE, '') */;
/*!40014 SET FOREIGN_KEY_CHECKS=IFNULL(@OLD_FOREIGN_KEY_CHECKS, 1) */;
/*!40101 SET CHARACTER_SET_CLIENT=@OLD_CHARACTER_SET_CLIENT */;
/*!40111 SET SQL_NOTES=IFNULL(@OLD_SQL_NOTES, 1) */;
